Sample.ID	CH_hit	exSize	type	Relation
1-0022-001	0	34443	CNV	Mother
1-0022-002	1	1191	CNV	Father
1-0022-004	4	36224	CNV	Proband
1-0046-001	0	7284	CNV	Mother
1-0046-002	0	1365	CNV	Father
1-0088-002	0	2773	CNV	Father
1-0088-003	0	3622	CNV	Proband
1-0105-001	0	2204	CNV	Mother
1-0105-003	0	2112	CNV	Proband
1-0107-001	4	3949	CNV	Mother
1-0119-004	1	8442	CNV	Proband
1-0121-001	0	1265	CNV	Mother
1-0153-004A	1	1117	CNV	Proband
1-0155-001	0	975	CNV	Mother
1-0164-001	1	1617	CNV	Mother
1-0164-002	0	9248	CNV	Father
1-0164-003	0	9072	CNV	Proband
1-0172-001	3	65488	CNV	Mother
1-0183-002	0	726	CNV	Father
1-0183-004	0	2018	CNV	Proband
1-0190-001	0	768	CNV	Mother
1-0197-001	0	1922	CNV	Mother
1-0206-004	0	1461	CNV	Proband
1-0209-002	0	14149	CNV	Father
1-0209-003	0	12063	CNV	Proband
1-0210-002	0	1127	CNV	Father
1-0210-004	0	4708	CNV	Proband
1-0214-001	0	6695	CNV	Mother
1-0225-002	3	12343	CNV	Father
1-0225-003	2	12343	CNV	Proband
1-0247-002	0	857	CNV	Father
1-0257-001	1	5964	CNV	Mother
1-0257-002	0	5234	CNV	Father
1-0262-001A	0	1068	CNV	Mother
1-0266-002	0	17664	CNV	Father
1-0287-002	0	4449	CNV	Father
1-0300-001	0	2834	CNV	Mother
1-0300-002	0	3767	CNV	Father
1-0300-003	0	4767	CNV	Proband
1-0319-001	0	1352	CNV	Mother
1-0323-001	1	382	CNV	Mother
1-0325-003	1	4477	CNV	Proband
1-0339-002	0	8103	CNV	Father
1-0350-003	0	1041	CNV	Proband
1-0367-002	0	2576	CNV	Father
1-0372-001	0	5127	CNV	Mother
1-0372-002	0	2326	CNV	Father
1-0372-003	0	1010	CNV	Proband
1-0375-001	0	1463	CNV	Mother
1-0377-001	0	1637	CNV	Mother
1-0377-003	0	2309	CNV	Proband
1-0408-001	0	2593	CNV	Mother
1-0413-001	0	438	CNV	Mother
1-0439-001	0	1787	CNV	Mother
1-0445-002	1	4204	CNV	Father
1-0445-003	1	2774	CNV	Proband
1-0446-002	0	2919	CNV	Father
1-0453-001	0	982	CNV	Mother
1-0473-002	0	982	CNV	Father
1-0473-003	0	982	CNV	Proband
1-0482-003	1	1831	CNV	Proband
1-0486-002	1	2849	CNV	Father
1-0498-001	1	46787	CNV	Mother
1-0507-001	2	9100	CNV	Mother
1-0507-003	2	9214	CNV	Proband
1-0512-001	1	3787	CNV	Mother
1-0512-002	0	2309	CNV	Father
1-0512-003	0	1603	CNV	Proband
1-0513-002	0	6729	CNV	Father
1-0514-001	0	587	CNV	Mother
1-0514-003	0	16676	CNV	Proband
1-0530-001	0	5940	CNV	Mother
1-0530-003	0	6181	CNV	Proband
1-0533-002	0	5148	CNV	Father
1-0533-003	0	5148	CNV	Proband
1-0558-001	0	2517	CNV	Mother
1-0564-003	0	1201	CNV	Proband
1-0568-002	1	7428	CNV	Father
1-0568-003	3	7261	CNV	Proband
1-0569-001	0	1719	CNV	Mother
1-0570-001	1	599	CNV	Mother
1-0581-001	1	6033	CNV	Mother
1-0582-001	1	5175	CNV	Mother
1-0582-002	0	5197	CNV	Father
1-0582-003	4	7147	CNV	Proband
1-0591-002	0	3190	CNV	Father
1-0593-001	0	3033	CNV	Mother
1-0599-002	1	4945	CNV	Father
1-0606-001	0	3687	CNV	Mother
1-0606-003	0	3687	CNV	Proband
1-0609-002	0	733	CNV	Father
1-0609-003	1	2256	CNV	Proband
1-0632-002	0	7149	CNV	Father
1-0633-002	1	2417	CNV	Father
1-0634-001	0	12244	CNV	Mother
1-0634-003	0	7127	CNV	Proband
1-0636-002	0	3293	CNV	Father
1-0644-002	0	318	CNV	Father
1-0646-003	13	160796	CNV	Proband
1-0654-002	0	3291	CNV	Father
1-0668-003	0	11272	CNV	Proband
1-0670-002	0	3319	CNV	Father
1-0672-002	1	9722	CNV	Father
1-0672-003	5	9836	CNV	Proband
1-0673-002	0	1358	CNV	Father
1-0681-002	0	1828	CNV	Father
1-0720-002	0	752	CNV	Father
1-0738-002	0	1715	CNV	Father
1-0738-003	0	1715	CNV	Proband
1-0744-003	0	2229	CNV	Proband
1-0745-001	0	1453	CNV	Mother
1-0745-003	0	1357	CNV	Proband
1-0750-003	1	2323	CNV	Proband
1-0753-002	0	3167	CNV	Father
1-0760-001	1	996	CNV	Mother
1-0803-001	0	2839	CNV	Mother
1-0834-003	0	2182	CNV	Proband
1-0840-001	0	1961	CNV	Mother
1-0887-001	0	684	CNV	Mother
1-0925-003	7	147925	CNV	Proband
1-0951-003	0	9679	CNV	Proband
1-0965-002	0	5026	CNV	Father
1-0965-003	0	4390	CNV	Proband
1-0976-002	0	3818	CNV	Father
1-0980-001	1	783	CNV	Mother
1-0995-001	4	14943	CNV	Mother
1-0995-003	4	8631	CNV	Proband
1-1008-002	0	6119	CNV	Father
1-1008-003	0	11838	CNV	Proband
1-1025-001	0	2694	CNV	Mother
1-1025-003	0	2842	CNV	Proband
1-1037-001	0	2255	CNV	Mother
1-1039-001	0	8035	CNV	Mother
1-1049-002	1	3962	CNV	Father
1-1051-001	0	12748	CNV	Mother
1-1072-001	0	2172	CNV	Mother
1-1084-001	0	511	CNV	Mother
1-1090-001	0	2926	CNV	Mother
1-1090-002	0	2660	CNV	Father
1-1112-003	0	1408	CNV	Proband
1-1123-002	0	2689	CNV	Father
1-1124-002	0	2947	CNV	Father
1-1128-001	0	6942	CNV	Mother
1-1128-003	0	6942	CNV	Proband
1-1129-003	0	6457	CNV	Proband
1-1136-002	0	939	CNV	Father
1-1148-003	5	3490	CNV	Proband
1-1149-001	0	19462	CNV	Mother
1-1149-003	0	18011	CNV	Proband
1-1154-002	0	5496	CNV	Father
1-1154-003	0	2441	CNV	Proband
1-1156-002	1	331	CNV	Father
1-1165-001	0	7193	CNV	Mother
1-1165-003	0	4658	CNV	Proband
1-1169-003	0	842	CNV	Proband
1-1179-001	0	2380	CNV	Mother
1-1180-002	0	2102	CNV	Father
1-1186-001	2	7146	CNV	Mother
1-1186-003	1	10846	CNV	Proband
1-1189-002	1	1570	CNV	Father
1-1196-001	0	8721	CNV	Mother
1-1196-003	0	8932	CNV	Proband
1-1204-001	0	3252	CNV	Mother
1-1204-003	0	3129	CNV	Proband
1-1210-001	0	352	CNV	Mother
1-1210-003	0	421	CNV	Proband
1-1213-001	0	8651	CNV	Mother
1-1213-002	0	9379	CNV	Father
1-1213-003	0	8759	CNV	Proband
1-1223-001	0	11645	CNV	Mother
1-1226-001	0	1950	CNV	Mother
1-1226-002	2	59395	CNV	Father
1-1226-003	4	47373	CNV	Proband
1-1233-001	0	16468	CNV	Mother
2-0043-002	0	7259	CNV	Father
2-0098-001	1	12792	CNV	Mother
2-0126-001	1	9982	CNV	Mother
2-0126-003	1	7010	CNV	Proband
2-0139-001	0	2993	CNV	Mother
2-0139-003	0	2837	CNV	Proband
2-0182-002	0	3954	CNV	Father
2-0182-003	0	5652	CNV	Proband
2-0202-001	1	3211	CNV	Mother
2-0295-001	0	2336	CNV	Mother
2-0713-001	0	1613	CNV	Mother
2-0733-001	1	13385	CNV	Mother
2-1097-002	0	11066	CNV	Father
2-1125-001	0	2536	CNV	Mother
2-1128-003	0	12254	CNV	Proband
2-1137-001	0	975	CNV	Mother
2-1137-003	0	975	CNV	Proband
2-1138-001	1	2297	CNV	Mother
2-1138-003	0	1937	CNV	Proband
2-1140-002	1	2049	CNV	Father
2-1143-001	1	8676	CNV	Mother
2-1155-001	0	1450	CNV	Mother
2-1155-002	0	1178	CNV	Father
2-1155-003	0	1450	CNV	Proband
2-1164-002	0	8405	CNV	Father
2-1164-003	0	8405	CNV	Proband
2-1177-001	0	6675	CNV	Mother
2-1177-003	0	6693	CNV	Proband
2-1178-002	0	3197	CNV	Father
2-1182-001	2	2398	CNV	Mother
2-1185-001	0	12629	CNV	Mother
2-1186-001	0	11268	CNV	Mother
2-1192-001	0	4308	CNV	Mother
2-1196-001	0	1927	CNV	Mother
2-1209-002	0	3153	CNV	Father
2-1209-003	0	1187	CNV	Proband
2-1212-003	0	2722	CNV	Proband
2-1223-001	0	2588	CNV	Mother
2-1223-003	0	2588	CNV	Proband
2-1226-002	0	2346	CNV	Father
2-1226-003	0	2346	CNV	Proband
2-1232-002	0	18447	CNV	Father
2-1237-001	1	4063	CNV	Mother
2-1241-001	2	200663	CNV	Mother
2-1241-003	0	15787	CNV	Proband
2-1242-001	0	5687	CNV	Mother
2-1242-002	1	5337	CNV	Father
2-1242-003	0	10671	CNV	Proband
2-1244-001	3	15310	CNV	Mother
2-1244-003	1	6548	CNV	Proband
2-1250-002	1	800	CNV	Father
2-1261-002	0	5384	CNV	Father
2-1296-003	3	31469	CNV	Proband
2-1313-001	0	650	CNV	Mother
2-1328-001	0	1849	CNV	Mother
2-1328-003	0	2279	CNV	Proband
2-1330-003	0	2823	CNV	Proband
2-1333-001	0	41219	CNV	Mother
2-1334-002	0	508	CNV	Father
2-1341-003	0	5284	CNV	Proband
2-1358-001	1	305	CNV	Mother
2-1365-002	0	2370	CNV	Father
2-1368-002	0	11390	CNV	Father
2-1369-001	0	1746	CNV	Mother
2-1369-003	0	1746	CNV	Proband
2-1386-001	0	37329	CNV	Mother
2-1386-003	0	12775	CNV	Proband
2-1397-003	0	1795	CNV	Proband
2-1399-001	0	3354	CNV	Mother
2-1407-002	0	8763	CNV	Father
2-1423-001	0	2162	CNV	Mother
2-1423-003	0	416	CNV	Proband
2-1426-002	0	12798	CNV	Father
2-1430-001A	0	9405	CNV	Mother
2-1431-001	0	1603	CNV	Mother
2-1440-002	0	1063	CNV	Father
2-1452-003	0	2598	CNV	Proband
2-1461-001	0	3597	CNV	Mother
2-1497-001	0	2464	CNV	Mother
2-1497-002	0	12298	CNV	Father
2-1509-002	0	11864	CNV	Father
2-1509-003	2	12560	CNV	Proband
2-1522-001	1	16676	CNV	Mother
2-1561-002	1	6555	CNV	Father
2-1561-003	0	1721	CNV	Proband
2-1567-001	1	8067	CNV	Mother
2-1567-003	0	994	CNV	Proband
2-1625-002	0	810	CNV	Father
2-1625-003	0	810	CNV	Proband
2-1626-001	0	3236	CNV	Mother
2-1626-002	0	5839	CNV	Father
2-1632-001	0	1882	CNV	Mother
2-1633-002	0	2050	CNV	Father
2-1633-003	0	1578	CNV	Proband
2-1686-003	4	30989	CNV	Proband
2-1690-001	1	1867	CNV	Mother
2-1690-002	0	1613	CNV	Father
2-1718-001	1	7757	CNV	Mother
2-1719-001	0	4413	CNV	Mother
2-1725-002	0	3336	CNV	Father
2-1725-003	0	3457	CNV	Proband
2-1736-001	0	3326	CNV	Mother
2-1736-003	0	3362	CNV	Proband
2-1757-003	0	3308	CNV	Proband
2-1760-003	0	587	CNV	Proband
2-1763-001	0	7786	CNV	Mother
2-1763-002	0	4786	CNV	Father
2-1763-003	0	12364	CNV	Proband
2-1765-002	0	1613	CNV	Father
2-1765-003	0	1613	CNV	Proband
2-1772-001	0	8152	CNV	Mother
2-1784-001	1	4419	CNV	Mother
2-1787-001	0	958	CNV	Mother
2-1787-003	0	4119	CNV	Proband
2-1798-001	3	3189	CNV	Mother
2-1820-001	1	1009	CNV	Mother
2-1820-002	1	18541	CNV	Father
2-1820-003	0	3037	CNV	Proband
2-1823-003	0	710	CNV	Proband
3-0005-100	0	1618	CNV	Mother
3-0007-101	0	5306	CNV	Father
3-0017-100	0	1851	CNV	Mother
3-0044-101	0	8212	CNV	Father
3-0070-000	7	38049	CNV	Proband
3-0070-100	8	34856	CNV	Mother
3-0078-000	0	15663	CNV	Proband
3-0078-101	0	13270	CNV	Father
3-0099-000	0	4803	CNV	Proband
3-0103-101	0	915	CNV	Father
3-0111-100	0	926	CNV	Mother
3-0113-000	5	25902	CNV	Proband
3-0113-100	2	25676	CNV	Mother
3-0129-000	0	6847	CNV	Proband
3-0142-000	0	2099	CNV	Proband
3-0142-101	0	2099	CNV	Father
3-0143-101	0	6781	CNV	Father
3-0183-000	1	1006	CNV	Proband
3-0183-100	0	598	CNV	Mother
3-0183-101	1	1668	CNV	Father
3-0185-100	0	2341	CNV	Mother
3-0199-101	0	3664	CNV	Father
3-0201-100	1	1303	CNV	Mother
3-0202-000	3	835	CNV	Proband
3-0202-101	1	2048	CNV	Father
3-0228-101	0	1469	CNV	Father
3-0246-000	1	26767	CNV	Proband
3-0246-100	0	23295	CNV	Mother
3-0246-101	0	3472	CNV	Father
3-0278-000	0	1113	CNV	Proband
3-0278-101	0	1146	CNV	Father
3-0282-100	0	673	CNV	Mother
3-0287-100	0	23094	CNV	Mother
3-0295-100	0	1041	CNV	Mother
3-0307-101	0	570	CNV	Father
3-0312-000	0	936	CNV	Proband
3-0312-101	0	936	CNV	Father
3-0325-101	1	30484	CNV	Father
3-0345-000	0	1712	CNV	Proband
3-0345-101	0	2103	CNV	Father
3-0352-000	1	1047	CNV	Proband
3-0352-100	1	1932	CNV	Mother
3-0359-101	0	5503	CNV	Father
3-0396-000	0	21885	CNV	Proband
3-0396-101	0	22593	CNV	Father
3-0405-000	1	199	CNV	Proband
3-0428-000	0	1159	CNV	Proband
3-0430-000	0	5038	CNV	Proband
3-0430-101	0	4614	CNV	Father
3-0431-100	0	6612	CNV	Mother
3-0431-101	2	14180	CNV	Father
3-0432-000	0	11863	CNV	Proband
3-0432-101	0	11267	CNV	Father
3-0448-100	0	5167	CNV	Mother
3-0466-000A	0	3098	CNV	Proband
3-0469-000	2	16097	CNV	Proband
3-0469-101	0	15689	CNV	Father
3-0476-100	0	8574	CNV	Mother
3-0485-000A	1	1929	CNV	Proband
3-0485-101	1	1929	CNV	Father
3-0515-100	0	6211	CNV	Mother
3-0516-000	0	5324	CNV	Proband
3-0516-100	0	3545	CNV	Mother
3-0526-000	0	2146	CNV	Proband
3-0530-000	0	1636	CNV	Proband
3-0530-100	0	1636	CNV	Mother
3-0541-101A	0	1750	CNV	Father
3-0543-101	0	3300	CNV	Father
3-0621-101A	0	863	CNV	Father
3-0645-101	0	1187	CNV	Father
3-0659-101	0	1533	CNV	Father
3-0661-000	0	770	CNV	Proband
3-0662-101	2	2285	CNV	Father
3-0713-000	0	538	CNV	Proband
3-0713-101A	0	1860	CNV	Father
3-0723-000	0	12650	CNV	Proband
3-0728-101	1	5130	CNV	Father
3-0742-000	1	790	CNV	Proband
3-0742-100	1	5675	CNV	Mother
3-0772-100	0	5111	CNV	Mother
3-0785-000	7	24249	CNV	Proband
3-0785-101	7	23788	CNV	Father
3-0788-101	0	1260	CNV	Father
3-0795-000	0	16402	CNV	Proband
3-0795-100	0	31074	CNV	Mother
3-0800-000	0	26564	CNV	Proband
3-0800-100	0	2217	CNV	Mother
3-0802-000	0	1753	CNV	Proband
3-0802-100	0	1753	CNV	Mother
3-0826-000	0	1888	CNV	Proband
3-0826-100	0	1142	CNV	Mother
3-0829-101	0	824	CNV	Father
3-0833-000	0	823	CNV	Proband
3-0833-100	0	2236	CNV	Mother
3-0842-000	0	520	CNV	Proband
3-0842-100	0	7042	CNV	Mother
3-0842-101	0	343	CNV	Father
3-0873-101	0	1061	CNV	Father
4-0014-001	0	2255	CNV	Mother
4-0014-002	0	3131	CNV	Father
4-0017-002	0	4973	CNV	Father
4-0022-001	0	9928	CNV	Mother
4-0022-002	0	4809	CNV	Father
4-0022-003	0	4865	CNV	Proband
4-0024-001	0	387	CNV	Mother
4-0025-001	2	3570	CNV	Mother
4-0025-003	1	3895	CNV	Proband
4-0034-001	0	14932	CNV	Mother
4-0034-003	0	21169	CNV	Proband
4-0043-002	1	642	CNV	Father
4-0047-002	0	1221	CNV	Father
4-0049-002	4	50562	CNV	Father
4-0049-003	4	50562	CNV	Proband
4-0061-001	0	8663	CNV	Mother
4-0061-002	0	7467	CNV	Father
4-0064-001	0	12812	CNV	Mother
4-0064-003	0	11664	CNV	Proband
4-0081-002	0	7225	CNV	Father
4-0082-001	0	2804	CNV	Mother
4-0088-001	1	3933	CNV	Mother
4-0088-003	1	3750	CNV	Proband
4-0090-001	0	2734	CNV	Mother
4-0090-002	0	1656	CNV	Father
4-0090-003	0	554	CNV	Proband
4-0091-002	0	4462	CNV	Father
4-0091-003	0	2626	CNV	Proband
4-0096-001	0	5520	CNV	Mother
4-0096-003	0	5715	CNV	Proband
5-0017-002	0	2615	CNV	Father
5-0017-003	0	14047	CNV	Proband
5-0024-001	0	5646	CNV	Mother
5-0034-002	0	6461	CNV	Father
5-0034-003	0	6554	CNV	Proband
5-0045-001	0	1553	CNV	Mother
5-0045-003	0	483	CNV	Proband
5-0046-002	0	1761	CNV	Father
5-0049-002	0	3447	CNV	Father
5-0055-001	2	33671	CNV	Mother
5-0055-002	1	6299	CNV	Father
5-0055-003	2	33671	CNV	Proband
5-0074-003	0	1601	CNV	Proband
5-0083-003	0	2926	CNV	Proband
5-0087-003	0	801	CNV	Proband
5-0100-001	0	3783	CNV	Mother
5-0103-001	0	1444	CNV	Mother
5-0103-003	0	1444	CNV	Proband
5-0117-001	0	184	CNV	Mother
5-0123-001	0	12951	CNV	Mother
5-0123-003	0	11463	CNV	Proband
5-0128-001	0	8175	CNV	Mother
5-0128-003	0	6378	CNV	Proband
5-0134-002	0	7829	CNV	Father
5-0134-003	0	7829	CNV	Proband
5-0140-002	0	4340	CNV	Father
5-0148-001	0	8583	CNV	Mother
5-0148-003	0	8583	CNV	Proband
5-1006-002A	0	21973	CNV	Father
5-1006-003	2	21973	CNV	Proband
5-1007-002A	0	2973	CNV	Father
5-1012-001	0	5513	CNV	Mother
5-1012-002	0	4928	CNV	Father
5-1043-002	0	3473	CNV	Father
5-2005-002	0	17026	CNV	Father
5-5007-003	5	6594	CNV	Proband
5-5015-001	1	5177	CNV	Mother
5-5025-003	0	7379	CNV	Proband
5-5027-001	0	2864	CNV	Mother
5-5027-002	0	12466	CNV	Father
5-5027-003	0	15111	CNV	Proband
5-5031-001	0	12531	CNV	Mother
5-5035-001	0	3454	CNV	Mother
5-5035-002	0	3634	CNV	Father
5-5038-001	3	13603	CNV	Mother
5-5038-003	3	15119	CNV	Proband
5-5040-001	0	5293	CNV	Mother
5-5040-003	0	6959	CNV	Proband
5-5098-003	0	1432	CNV	Proband
5-5111-001	1	2559	CNV	Mother
5-5111-002	0	3668	CNV	Father
5-5123-001	3	8215	CNV	Mother
5-5123-003	3	8443	CNV	Proband
5-5127-001	5	8557	CNV	Mother
5-5127-002	0	955	CNV	Father
5-5127-003	7	8557	CNV	Proband
5-5130-001	0	3115	CNV	Mother
5-5131-001	0	1793	CNV	Mother
5-5131-002	3	3347	CNV	Father
5-5149-002	0	22125	CNV	Father
5-5149-003	0	21706	CNV	Proband
5-5153-002	0	1977	CNV	Father
5-5153-003	0	2122	CNV	Proband
5-5165-002	0	1753	CNV	Father
5-5165-003	0	1753	CNV	Proband
5-5175-002	2	838	CNV	Father
5-5175-003	2	934	CNV	Proband
5-5177-003	0	832	CNV	Proband
5-5180-002	0	948	CNV	Father
5-5180-003	0	948	CNV	Proband
5-5185-001	0	7750	CNV	Mother
5-5209-001	0	12884	CNV	Mother
5-5209-002	0	3534	CNV	Father
5-5209-003	0	5029	CNV	Proband
5-5223-002	0	10339	CNV	Father
5-5223-003	0	9517	CNV	Proband
7-0023-002	1	4123	CNV	Father
7-0023-003	0	1408	CNV	Proband
7-0032-001	0	5402	CNV	Mother
7-0032-002	1	5916	CNV	Father
7-0035-002	1	1815	CNV	Father
7-0044-002	2	2981	CNV	Father
7-0044-003	0	1210	CNV	Proband
7-0051-002	0	10314	CNV	Father
7-0067-002	0	1589	CNV	Father
7-0067-003	0	1187	CNV	Proband
7-0071-002	1	2196	CNV	Father
7-0071-003	1	2355	CNV	Proband
7-0080-002	0	1254	CNV	Father
7-0082-002	3	9924	CNV	Father
7-0082-003	3	9924	CNV	Proband
7-0094-001	0	33837	CNV	Mother
7-0102-003	0	1258	CNV	Proband
7-0121-002	0	1371	CNV	Father
7-0135-003	2	2558	CNV	Proband
7-0140-002	1	1574	CNV	Father
7-0140-003	2	721	CNV	Proband
7-0148-001	5	25686	CNV	Mother
7-0148-003	6	25686	CNV	Proband
7-0161-002	0	3145	CNV	Father
7-0167-001	2	38214	CNV	Mother
7-0167-003	7	37603	CNV	Proband
7-0171-001	0	1626	CNV	Mother
7-0171-002	0	1308	CNV	Father
7-0174-001	0	7382	CNV	Mother
7-0188-002	0	1503	CNV	Father
7-0189-002	0	10705	CNV	Father
7-0192-001	7	6778	CNV	Mother
7-0194-001	0	1095	CNV	Mother
7-0203-001	0	14378	CNV	Mother
7-0223-001	4	56249	CNV	Mother
7-0223-003	4	53787	CNV	Proband
7-0224-003	1	13556	CNV	Proband
7-0230-003	0	6326	CNV	Proband
7-0242-001	1	14982	CNV	Mother
7-0242-003	0	14982	CNV	Proband
7-0247-001	0	24339	CNV	Mother
7-0247-003	0	24339	CNV	Proband
7-0249-001	1	2571	CNV	Mother
7-0255-002	0	1732	CNV	Father
7-0255-003	0	2486	CNV	Proband
7-0274-003	0	4043	CNV	Proband
7-0279-002	0	9149	CNV	Father
7-0279-003	0	9078	CNV	Proband
7-0281-003	0	6855	CNV	Proband
7-0287-002	0	2734	CNV	Father
7-0287-003	0	2333	CNV	Proband
7-0291-001	0	4301	CNV	Mother
7-0291-002	1	19584	CNV	Father
7-0291-003A	0	2638	CNV	Proband
7-0292-001	1	2498	CNV	Mother
7-0292-003A	1	733	CNV	Proband
7-0298-002	0	11461	CNV	Father
7-0298-003	1	92165	CNV	Proband
7-0303-002	0	5773	CNV	Father
7-0307-001	0	2376	CNV	Mother
7-0307-003	0	1564	CNV	Proband
7-0309-002	0	1515	CNV	Father
7-0309-003	0	3693	CNV	Proband
7-0321-002	0	1053	CNV	Father
7-0321-003A	0	1136	CNV	Proband
7-0328-001	0	2016	CNV	Mother
7-0330-002	1	2455	CNV	Father
7-0333-003	0	1664	CNV	Proband
7-0334-002	0	2795	CNV	Father
7-0334-003	0	308	CNV	Proband
7-0335-001	2	3526	CNV	Mother
7-0335-002	0	2116	CNV	Father
7-0335-003	0	3351	CNV	Proband
7-0346-002	0	7386	CNV	Father
7-0351-003	0	4711	CNV	Proband
7-0352-002	0	3936	CNV	Father
7-0353-003	10	162997	CNV	Proband
7-0354-002	1	6454	CNV	Father
7-0354-003	1	2971	CNV	Proband
7-0361-001	0	844	CNV	Mother
7-0361-002	0	5061	CNV	Father
7-0361-003	0	844	CNV	Proband
7-0363-002	0	5715	CNV	Father
7-0365-001	0	9758	CNV	Mother
7-0365-003	0	9593	CNV	Proband
7-0367-002	1	3144	CNV	Father
7-0367-003	1	2869	CNV	Proband
7-0385-001	0	961	CNV	Mother
7-0388-001	0	5538	CNV	Mother
7-0388-002	0	430	CNV	Father
7-0392-001	0	3743	CNV	Mother
7-0394-001	0	776	CNV	Mother
7-0394-003	0	653	CNV	Proband
7-0396-001	1	2239	CNV	Mother
7-0402-001	0	570	CNV	Mother
7-0402-003	0	403	CNV	Proband
7-0410-003	0	3312	CNV	Proband
7-0411-002	0	4078	CNV	Father
7-0411-003	0	1196	CNV	Proband
7-0413-003	0	8623	CNV	Proband
7-0429-001	2	993	CNV	Mother
7-0438-002	0	1356	CNV	Father
7-0444-003	1	53594	CNV	Proband
7-0449-001	1	5304	CNV	Mother
7-0452-001	0	17742	CNV	Mother
7-0452-003	0	14721	CNV	Proband
7-0453-001	0	1625	CNV	Mother
7-0453-003	0	2313	CNV	Proband
7-0457-001	0	3417	CNV	Mother
7-0457-002	0	1128	CNV	Father
7-0457-003	0	4545	CNV	Proband
7-0459-001	3	8115	CNV	Mother
7-0459-002	0	2387	CNV	Father
7-0459-003	3	9761	CNV	Proband
7-0460-002	0	932	CNV	Father
7-0460-003	0	4682	CNV	Proband
7-0461-002	1	2092	CNV	Father
7-0465-001	1	1268	CNV	Mother
7-0478-001	0	5504	CNV	Mother
7-0486-001	0	3298	CNV	Mother
7-0497-002	0	903	CNV	Father
7-0501-001	1	3354	CNV	Mother
AU025701	0	14043	CNV	Mother
AU025704	0	11051	CNV	Proband
AU045008	1	3244	CNV	Father
AU045010	0	3438	CNV	Proband
AU050402	0	2255	CNV	Father
AU053502	1	5717	CNV	Father
AU053503	1	5481	CNV	Proband
AU056801	1	4044	CNV	Mother
AU058102	0	5294	CNV	Father
AU060402	0	1516	CNV	Father
AU065302	0	28125	CNV	Father
AU066201	0	5700	CNV	Mother
AU066206	0	5851	CNV	Proband
AU070001	1	13419	CNV	Mother
AU070007	1	6840	CNV	Proband
AU078501	1	838	CNV	Mother
AU079602	0	3469	CNV	Father
AU1909201	0	398	CNV	Father
AU1909202	1	3394	CNV	Mother
AU1995301	0	4412	CNV	Proband
AU2072202	0	2317	CNV	Mother
AU2109201	0	12417	CNV	Father
AU2109202	1	8759	CNV	Mother
AU2123202	0	4292	CNV	Mother
AU2123301	0	4475	CNV	Proband
AU2131201	0	6378	CNV	Father
AU2131301	0	6378	CNV	Proband
AU2186201	1	6981	CNV	Father
AU2192201	1	964	CNV	Father
AU2192202	0	2761	CNV	Mother
AU2192301	1	2027	CNV	Proband
AU2194202	0	8644	CNV	Mother
AU2215202	1	19562	CNV	Mother
AU2215302	0	10646	CNV	Proband
AU2216201	1	19680	CNV	Proband
AU2216301	0	19093	CNV	Father
AU2222201	0	1513	CNV	Father
AU2222202	1	278	CNV	Mother
AU2222301	1	928	CNV	Proband
AU2224201	0	3362	CNV	Father
AU2250201	3	53992	CNV	Father
AU2255201	1	5177	CNV	Father
AU2255301	1	5177	CNV	Proband
AU2256201	1	1010	CNV	Father
AU2281301	0	3035	CNV	Proband
AU2287201	1	1552	CNV	Father
AU2287301	2	1415	CNV	Proband
AU2296201	0	3292	CNV	Father
AU2296202	0	8317	CNV	Mother
AU2306201	0	1515	CNV	Father
AU2306301	0	1167	CNV	Proband
AU2308301	0	4208	CNV	Proband
AU2328201	0	14999	CNV	Father
AU2330202	0	6541	CNV	Mother
AU2330301	0	6541	CNV	Proband
AU2338201	0	1515	CNV	Father
AU2338202	0	4778	CNV	Mother
AU2338301	0	1515	CNV	Proband
AU2440202	1	2535	CNV	Mother
AU2440301	1	919	CNV	Proband
AU2446201	0	614	CNV	Father
AU2446202	0	3750	CNV	Mother
AU2446301	0	801	CNV	Proband
AU2448301	0	1686	CNV	Proband
AU2461201	0	28626	CNV	Father
AU2461301	0	28626	CNV	Proband
AU2485201	2	1262	CNV	Father
AU2485305	0	565	CNV	Proband
AU2499201	0	6906	CNV	Father
AU2499202	0	6025	CNV	Mother
AU2499301	0	11051	CNV	Proband
AU2504201	0	1739	CNV	Father
AU2513202	0	25082	CNV	Mother
AU2513301	0	20755	CNV	Proband
AU2515201	0	2272	CNV	Father
AU2525201	1	6033	CNV	Father
AU2556201	7	48980	CNV	Father
AU2556202	0	4031	CNV	Mother
AU2556301	8	51841	CNV	Proband
AU2564201	1	22262	CNV	Father
AU2564301	1	20933	CNV	Proband
AU2571201	0	2321	CNV	Father
AU2571202	3	2782	CNV	Mother
AU2574201	0	2121	CNV	Father
AU2574301	0	2348	CNV	Proband
AU2577201	0	1908	CNV	Father
AU2624201	1	3044	CNV	Father
AU2624301	0	7303	CNV	Proband
AU2628201	1	3755	CNV	Father
AU2628301	1	5245	CNV	Proband
AU2631201	2	15436	CNV	Father
AU2631301	0	15436	CNV	Proband
AU2688202	1	4553	CNV	Mother
AU2695202	0	796	CNV	Mother
AU2703202	1	2482	CNV	Mother
AU2703301	1	2545	CNV	Proband
AU2719202	1	5726	CNV	Mother
AU2719301	1	4344	CNV	Proband
AU2726201	0	4977	CNV	Father
AU2726301	0	3236	CNV	Proband
AU2729201	0	1435	CNV	Father
AU2729202	2	13549	CNV	Mother
AU2729301	2	13549	CNV	Proband
AU2730201	0	8739	CNV	Father
AU2730202	0	1104	CNV	Mother
AU2734201	0	718	CNV	Father
AU2764301	0	2173	CNV	Proband
AU2766201	1	5492	CNV	Father
AU2766202	0	9974	CNV	Mother
AU2773201	1	2807	CNV	Father
AU2773301	1	1452	CNV	Proband
AU2775301	0	1884	CNV	Proband
AU2776301	0	2362	CNV	Proband
AU2778202	0	587	CNV	Mother
AU2778301	0	587	CNV	Proband
AU2787201	0	663	CNV	Father
AU2787202	0	7043	CNV	Mother
AU2798202	0	3662	CNV	Mother
AU2798301	0	5390	CNV	Proband
AU2801202	0	2516	CNV	Mother
AU2801301	0	46378	CNV	Proband
AU2819202	2	10891	CNV	Mother
AU2863201	0	1022	CNV	Father
AU2863302	0	350	CNV	Proband
AU2950201	0	4544	CNV	Father
AU2950301	0	4544	CNV	Proband
AU2975201	0	1063	CNV	Father
AU2975202	0	7827	CNV	Mother
AU3154202	0	4115	CNV	Mother
AU3190305	0	876	CNV	Proband
AU3302202	0	2858	CNV	Mother
AU3302302	0	3914	CNV	Proband
AU3368201	0	9712	CNV	Father
AU3368202	0	9563	CNV	Mother
AU3368302	0	11821	CNV	Proband
AU3397201	0	5808	CNV	Father
AU3397202	0	3203	CNV	Mother
AU3397302	0	7391	CNV	Proband
AU3398201	0	2055	CNV	Father
AU4153201	0	4055	CNV	Father
AU4153301	0	4055	CNV	Proband
AU4239202	2	4110	CNV	Mother
AU4359202	0	3916	CNV	Mother
AU4467201	0	4009	CNV	Father
AU4467302	0	4009	CNV	Proband
MSSNG00004-002	0	4774	CNV	Father
MSSNG00007-002	0	5910	CNV	Father
MSSNG00007-003A	0	4722	CNV	Proband
MSSNG00010-001	0	3270	CNV	Mother
MSSNG00010-003	1	2329	CNV	Proband
MSSNG00014-002	1	1053	CNV	Father
MSSNG00015-001	5	29600	CNV	Mother
MSSNG00015-002	1	634	CNV	Father
MSSNG00015-003	1	12376	CNV	Proband
MSSNG00017-001	0	1886	CNV	Mother
MSSNG00018-002	3	9096	CNV	Father
MSSNG00027-002	0	17658	CNV	Father
MSSNG00033-003	0	10000	CNV	Proband
MSSNG00035-003	1	8071	CNV	Proband
MSSNG00039-002	0	5026	CNV	Father
MSSNG00041-001	0	539	CNV	Mother
MSSNG00041-003	0	569	CNV	Proband
MSSNG00044-002	0	9588	CNV	Father
MSSNG00049-001	0	4895	CNV	Mother
MSSNG00049-003	0	2699	CNV	Proband
MSSNG00053-002	0	4377	CNV	Father
MSSNG00055-001	1	7480	CNV	Mother
MSSNG00055-002	0	11863	CNV	Father
MSSNG00055-003	1	17040	CNV	Proband
MSSNG00063-002	0	1798	CNV	Father
MSSNG00063-003	0	1798	CNV	Proband
MSSNG00065-003	0	2976	CNV	Proband
MSSNG00069-001	2	442	CNV	Mother
MSSNG00069-002	0	12982	CNV	Father
MSSNG00081-002	0	835	CNV	Father
MSSNG00084-001	1	6905	CNV	Mother
MSSNG00085-001	1	2481	CNV	Mother
MSSNG00087-001	0	1959	CNV	Mother
MSSNG00087-002	0	900	CNV	Father
MSSNG00088-003	1	3776	CNV	Proband
MSSNG00089-002	1	4771	CNV	Father
MSSNG00100-002	0	948	CNV	Father
MSSNG00106-002	1	1685	CNV	Father
MSSNG00106-003	1	3630	CNV	Proband
MSSNG00109-002	0	969	CNV	Father
MSSNG00116-001	2	16241	CNV	Mother
MSSNG00120-001	0	2134	CNV	Mother
MSSNG00120-003	0	2134	CNV	Proband
MSSNG00125-001	2	2429	CNV	Mother
MSSNG00127-001	0	35472	CNV	Mother
MSSNG00127-002	0	91	CNV	Father
MSSNG00128-001	0	4313	CNV	Mother
MSSNG00128-003	0	4313	CNV	Proband
MSSNG00131-001	0	5758	CNV	Mother
MSSNG00131-002	0	8339	CNV	Father
MSSNG00131-003	0	12427	CNV	Proband
MSSNG00134-002	0	7318	CNV	Father
MSSNG00136-002	0	1591	CNV	Father
MSSNG00141-001	0	7640	CNV	Mother
MSSNG00141-003	0	7640	CNV	Proband
MSSNG00153-001	0	665	CNV	Mother
MSSNG00153-003	0	665	CNV	Proband
MSSNG00159-002	0	420	CNV	Father
MSSNG00162-001	0	5728	CNV	Mother
MSSNG00162-003	0	5585	CNV	Proband
MSSNG00168-002	2	5647	CNV	Father
MSSNG00169-001	0	1439	CNV	Mother
MSSNG00169-003	0	1553	CNV	Proband
MSSNG00184-001	0	993	CNV	Mother
MSSNG00189-001	0	6527	CNV	Mother
MSSNG00189-002	0	2030	CNV	Father
MSSNG00189-003	0	5033	CNV	Proband
MSSNG00196-001	0	844	CNV	Mother
MSSNG00196-003	0	844	CNV	Proband
MSSNG00199-002	0	3548	CNV	Father
MSSNG00199-003	0	2954	CNV	Proband
MSSNG00203-002	0	3060	CNV	Father
MSSNG00214-001	0	1652	CNV	Mother
MSSNG00214-003	0	1408	CNV	Proband
MSSNG00216-001	0	2084	CNV	Mother
MSSNG00218-001	0	4971	CNV	Mother
MSSNG00219-001	1	7372	CNV	Mother
MSSNG00220-001	2	2728	CNV	Mother
MSSNG00220-003	2	4199	CNV	Proband
MSSNG00222-003	0	317	CNV	Proband
MSSNG00229-001	0	311	CNV	Mother
MSSNG00229-002	0	11911	CNV	Father
MSSNG00234-002	0	1430	CNV	Father
MSSNG00239-003	1	4946	CNV	Proband
MSSNG00242-002	1	23238	CNV	Father
MSSNG00242-003	1	18194	CNV	Proband
MSSNG00243-001	0	10223	CNV	Mother
MSSNG00243-002	0	1775	CNV	Father
MSSNG00243-003	0	10696	CNV	Proband
MSSNG00247-002	0	1064	CNV	Father
MSSNG00255-001	0	7089	CNV	Mother
MSSNG00255-002	0	4648	CNV	Father
MSSNG00255-003	0	4814	CNV	Proband
MSSNG00257-003	0	2072	CNV	Proband
MSSNG00331-001	1	2027	CNV	Mother
MSSNG00333-002	0	11093	CNV	Father
MSSNG00333-003	0	29215	CNV	Proband
MSSNG00339-001	0	1490	CNV	Mother
MSSNG00341-001	1	2571	CNV	Mother
MSSNG00341-002	0	1051	CNV	Father
MSSNG00341-003	1	3354	CNV	Proband
MSSNG00345-001	0	6819	CNV	Mother
MSSNG00346-003	0	1430	CNV	Proband
MSSNG00350-002	0	3189	CNV	Father
MSSNG00351-001	0	4707	CNV	Mother
MSSNG00351-003	0	3816	CNV	Proband
MSSNG00356-001	2	506	CNV	Mother
MSSNG00356-002	0	1288	CNV	Father
MSSNG00356-003	2	742	CNV	Proband
MSSNG00360-002	0	3359	CNV	Father
MSSNG00362-002	0	2612	CNV	Father
MSSNG00362-003	0	783	CNV	Proband
MSSNG00385-002	1	5816	CNV	Father
MSSNG00385-003	0	4276	CNV	Proband
MSSNG00387-002	0	2915	CNV	Father
MSSNG00387-003	0	5448	CNV	Proband
MSSNG00393-002	0	687	CNV	Father
MSSNG00393-003	0	14277	CNV	Proband
MSSNG00396-003	0	488	CNV	Proband
MSSNG00397-002	0	2532	CNV	Father
MSSNG00400-001	0	1419	CNV	Mother
MSSNG00400-002	1	9596	CNV	Father
MSSNG00400-003	0	1328	CNV	Proband
MSSNG00407-003	0	2841	CNV	Proband
MSSNG00408-002	0	4778	CNV	Father
MSSNG00408-003	0	14052	CNV	Proband
MSSNG00414-002	0	400	CNV	Father
MSSNG00414-003	0	2354	CNV	Proband
MSSNG00415-002	0	1526	CNV	Father
MSSNG00415-003	0	1255	CNV	Proband
MSSNG00416-001	0	5119	CNV	Mother
MSSNG00416-003	1	2680	CNV	Proband
MSSNG00421-002	0	5797	CNV	Father
MSSNG00422-002	0	1032	CNV	Father
MSSNG00426-001	0	5307	CNV	Mother
MSSNG00426-002	4	45823	CNV	Father
MSSNG00427-001	0	2956	CNV	Mother
MSSNG00427-002	0	1293	CNV	Father
MSSNG00427-003	1	1211	CNV	Proband
MSSNG00428-001	0	6953	CNV	Mother
MSSNG00433-001	0	4707	CNV	Mother
MSSNG00433-003	0	4707	CNV	Proband
MSSNG00434-001	0	1116	CNV	Mother
MSSNG00439-002	0	9195	CNV	Father
MSSNG00439-003	0	8634	CNV	Proband
MSSNG00441-002	0	4571	CNV	Father
MSSNG00441-003	0	1434	CNV	Proband
MSSNG00444-001	0	3105	CNV	Mother
MSSNG00445-003	0	653	CNV	Proband
MSSNG00466-002	0	8063	CNV	Father
MSSNG00466-003	1	626	CNV	Proband
SS0012993	0	2006	CNV	Proband
SS0013002	0	2021	CNV	Mother
SS0013009	0	11327	CNV	Proband
SSC00011	1	711	CNV	Proband
SSC00013	1	500	CNV	Father
SSC00046	3	1124	CNV	Mother
SSC00056	0	1460	CNV	Proband
SSC00059	0	2976	CNV	Father
SSC00084	0	2752	CNV	Mother
SSC00093	0	4503	CNV	Proband
SSC00095	0	4578	CNV	Father
SSC00098	0	991	CNV	Proband
SSC00104	0	970	CNV	Father
SSC00115	0	11726	CNV	Proband
SSC00134	0	1438	CNV	Mother
SSC00139	1	1642	CNV	Father
SSC00146	0	875	CNV	Proband
SSC00175	0	443	CNV	Father
SSC00227	0	1099	CNV	Proband
SSC00236	0	1099	CNV	Father
SSC00237	0	2624	CNV	Proband
SSC00273	0	2624	CNV	Father
SSC00299	0	8250	CNV	Mother
SSC00316	0	2404	CNV	Proband
SSC00350	0	6503	CNV	Father
SSC00351	0	11787	CNV	Mother
SSC00398	0	751	CNV	Father
SSC00400	0	3366	CNV	Father
SSC00418	1	4777	CNV	Proband
SSC00421	2	4977	CNV	Mother
SSC00424	0	7919	CNV	Father
SSC00429	0	436	CNV	Proband
SSC00431	1	7890	CNV	Father
SSC00434	0	593	CNV	Mother
SSC00439	0	2404	CNV	Father
SSC00452	0	1351	CNV	Proband
SSC00459	0	5990	CNV	Father
SSC00462	0	104	CNV	Mother
SSC00518	0	11509	CNV	Proband
SSC00522	0	1452	CNV	Mother
SSC00523	0	11147	CNV	Father
SSC00550	0	1480	CNV	Father
SSC00574	0	982	CNV	Proband
SSC00581	0	982	CNV	Father
SSC00585	0	2001	CNV	Mother
SSC00607	0	3022	CNV	Proband
SSC00608	0	82046	CNV	Proband
SSC00611	1	14563	CNV	Mother
SSC00618	0	1959	CNV	Mother
SSC00619	0	3678	CNV	Father
SSC00621	0	2378	CNV	Mother
SSC00625	0	450	CNV	Proband
SSC00627	0	20354	CNV	Mother
SSC00645	0	22251	CNV	Mother
SSC00649	0	2076	CNV	Proband
SSC00655	0	2108	CNV	Mother
SSC00658	0	170	CNV	Mother
SSC00662	0	82427	CNV	Father
SSC00678	0	2694	CNV	Proband
SSC00680	0	1777	CNV	Proband
SSC00681	1	321	CNV	Mother
SSC00685	0	4451	CNV	Father
SSC00687	0	2895	CNV	Mother
SSC00696	0	1777	CNV	Mother
SSC00734	0	236	CNV	Mother
SSC00763	0	44	CNV	Mother
SSC00765	0	1471	CNV	Mother
SSC00766	0	1137	CNV	Father
SSC00770	2	1332	CNV	Proband
SSC00775	1	1354	CNV	Father
SSC00800	0	11520	CNV	Proband
SSC00808	0	2598	CNV	Mother
SSC00812	0	15704	CNV	Father
SSC00818	0	695	CNV	Father
SSC00882	0	5326	CNV	Proband
SSC00883	1	4326	CNV	Proband
SSC00899	0	840	CNV	Proband
SSC00934	0	1912	CNV	Proband
SSC00943	0	1525	CNV	Father
SSC00944	0	2960	CNV	Mother
SSC00952	0	7625	CNV	Mother
SSC00962	0	385	CNV	Proband
SSC00965	0	3096	CNV	Father
SSC00990	0	2906	CNV	Father
SSC01000	0	4156	CNV	Proband
SSC01004	0	4790	CNV	Mother
SSC01019	0	4156	CNV	Father
SSC01020	0	1290	CNV	Mother
SSC01021	0	11192	CNV	Mother
SSC01024	1	5178	CNV	Mother
SSC01067	1	6148	CNV	Proband
SSC01122	0	2561	CNV	Mother
SSC01136	0	2763	CNV	Father
SSC01254	0	3208	CNV	Mother
SSC01258	0	5216	CNV	Proband
SSC01942	0	6378	CNV	Father
SSC01950	0	1078	CNV	Mother
SSC01958	0	1080	CNV	Proband
SSC01972	1	3271	CNV	Proband
SSC01974	1	2596	CNV	Father
SSC01981	0	3242	CNV	Proband
SSC01999	2	9728	CNV	Mother
SSC02011	1	9728	CNV	Proband
SSC02013	0	1025	CNV	Proband
SSC02018	0	710	CNV	Mother
SSC02041	2	4458	CNV	Father
SSC02044	0	1408	CNV	Mother
SSC02049	0	3015	CNV	Proband
SSC02053	0	2624	CNV	Father
SSC02076	0	2664	CNV	Proband
SSC02077	0	17401	CNV	Proband
SSC02080	0	2694	CNV	Mother
SSC02084	0	1838	CNV	Mother
SSC02096	1	1350	CNV	Proband
SSC02101	0	3376	CNV	Mother
SSC02130	0	1946	CNV	Mother
SSC02140	0	10271	CNV	Proband
SSC02146	0	6520	CNV	Mother
SSC02147	0	10309	CNV	Mother
SSC02170	0	884	CNV	Mother
SSC02179	0	8018	CNV	Proband
SSC02181	0	1994	CNV	Mother
SSC02182	0	7005	CNV	Mother
SSC02184	0	637	CNV	Father
SSC02216	0	2624	CNV	Proband
SSC02281	0	1838	CNV	Proband
SSC02294	1	5177	CNV	Mother
SSC02353	0	4994	CNV	Father
SSC02358	1	1212	CNV	Proband
SSC02361	0	6119	CNV	Proband
SSC02362	0	12383	CNV	Proband
SSC02366	0	11663	CNV	Mother
SSC02370	0	6119	CNV	Father
SSC02375	0	544	CNV	Father
SSC02383	0	1124	CNV	Proband
SSC02388	0	1124	CNV	Father
SSC02393	0	3537	CNV	Proband
SSC02396	0	673	CNV	Mother
SSC02410	0	1852	CNV	Mother
SSC02417	0	4579	CNV	Mother
SSC02443	0	8060	CNV	Father
SSC02450	0	4092	CNV	Proband
SSC02457	0	4092	CNV	Father
SSC02461	0	3088	CNV	Proband
SSC02465	0	5850	CNV	Mother
SSC02467	0	12758	CNV	Mother
SSC02485	1	343	CNV	Mother
SSC02503	0	2706	CNV	Mother
SSC02532	0	1637	CNV	Proband
SSC02543	0	18362	CNV	Father
SSC02548	0	1554	CNV	Father
SSC02578	0	5478	CNV	Proband
SSC02579	2	13779	CNV	Proband
SSC02581	1	1175	CNV	Proband
SSC02584	0	3907	CNV	Mother
SSC02589	0	2712	CNV	Father
SSC02606	0	176	CNV	Mother
SSC02618	0	2537	CNV	Father
SSC02635	0	764	CNV	Father
SSC02637	0	1181	CNV	Father
SSC02663	0	1110	CNV	Father
SSC02677	0	3484	CNV	Proband
SSC02681	0	2459	CNV	Proband
SSC02687	0	33221	CNV	Mother
SSC02695	0	3089	CNV	Mother
SSC02708	0	3780	CNV	Father
SSC02710	0	2459	CNV	Father
SSC02737	1	671	CNV	Mother
SSC02779	0	1578	CNV	Proband
SSC02780	2	3355	CNV	Proband
SSC02783	0	1578	CNV	Mother
SSC02784	1	2894	CNV	Mother
SSC02803	1	20199	CNV	Mother
SSC02849	0	927	CNV	Father
SSC02866	0	1353	CNV	Mother
SSC02874	0	3426	CNV	Father
SSC02887	0	14971	CNV	Proband
SSC02889	0	7652	CNV	Proband
SSC02892	0	14971	CNV	Mother
SSC02894	0	6378	CNV	Mother
SSC02897	0	1041	CNV	Mother
SSC02906	1	6267	CNV	Father
SSC02912	0	7085	CNV	Mother
SSC02939	0	1123	CNV	Mother
SSC02948	0	10392	CNV	Father
SSC02962	0	1904	CNV	Proband
SSC02963	0	697	CNV	Proband
SSC02964	0	4347	CNV	Mother
SSC02989	0	697	CNV	Proband
SSC02992	0	1722	CNV	Mother
SSC02996	0	1781	CNV	Father
SSC03061	0	1065	CNV	Father
SSC03068	0	105	CNV	Proband
SSC03071	0	1396	CNV	Mother
SSC03111	0	1509	CNV	Proband
SSC03114	2	3317	CNV	Proband
SSC03123	0	5927	CNV	Father
SSC03126	0	2517	CNV	Father
SSC03138	0	358	CNV	Mother
SSC03144	0	1321	CNV	Father
SSC03160	0	7274	CNV	Mother
SSC03161	0	2080	CNV	Mother
SSC03168	2	14315	CNV	Father
SSC03183	0	2174	CNV	Mother
SSC03186	3	6027	CNV	Father
SSC03190	3	7274	CNV	Father
SSC03200	1	6615	CNV	Father
SSC03202	1	73483	CNV	Proband
SSC03205	2	73483	CNV	Mother
SSC03238	2	4701	CNV	Mother
SSC03253	0	89	CNV	Father
SSC03313	6	7278	CNV	Father
SSC03344	0	3909	CNV	Proband
SSC03346	0	11463	CNV	Proband
SSC03352	0	6515	CNV	Mother
SSC03353	0	4049	CNV	Mother
SSC03360	1	785	CNV	Father
SSC03370	0	12321	CNV	Father
SSC03376	0	877	CNV	Proband
SSC03385	0	877	CNV	Father
SSC03419	2	14699	CNV	Proband
SSC03462	1	600	CNV	Father
SSC03477	0	2688	CNV	Mother
SSC03478	1	2907	CNV	Mother
SSC03492	0	7733	CNV	Father
SSC03536	0	800	CNV	Mother
SSC03538	0	1709	CNV	Proband
SSC03540	0	9513	CNV	Proband
SSC03543	0	14080	CNV	Mother
SSC03544	0	1709	CNV	Mother
SSC03547	0	3607	CNV	Mother
SSC03551	0	1832	CNV	Father
SSC03585	0	15508	CNV	Father
SSC03603	0	6123	CNV	Proband
SSC03611	1	1782	CNV	Mother
SSC03620	0	4345	CNV	Proband
SSC03623	0	1489	CNV	Proband
SSC03625	0	6104	CNV	Mother
SSC03629	0	888	CNV	Father
SSC03632	0	2023	CNV	Father
SSC03647	0	4020	CNV	Proband
SSC03650	0	1337	CNV	Proband
SSC03656	0	3283	CNV	Mother
SSC03657	0	2019	CNV	Mother
SSC03659	0	3867	CNV	Father
SSC03669	0	2741	CNV	Father
SSC03689	0	3137	CNV	Mother
SSC03693	0	1603	CNV	Father
SSC03696	0	5185	CNV	Father
SSC03719	0	11952	CNV	Mother
SSC03722	0	336	CNV	Mother
SSC03724	0	1937	CNV	Mother
SSC03753	0	3477	CNV	Proband
SSC03755	0	1490	CNV	Mother
SSC03758	0	7930	CNV	Father
SSC03765	0	11952	CNV	Proband
SSC03767	0	11835	CNV	Mother
SSC03769	0	1055	CNV	Father
SSC03790	1	14781	CNV	Proband
SSC03793	0	12094	CNV	Proband
SSC03799	0	12268	CNV	Mother
SSC03803	1	14699	CNV	Father
SSC03831	1	5156	CNV	Mother
SSC03838	0	5063	CNV	Mother
SSC03841	0	3079	CNV	Father
SSC03861	0	5826	CNV	Proband
SSC03863	0	5826	CNV	Mother
SSC03877	0	5808	CNV	Father
SSC03891	1	4163	CNV	Proband
SSC03893	0	16104	CNV	Mother
SSC03908	0	3269	CNV	Father
SSC03912	0	2976	CNV	Mother
SSC03917	1	2122	CNV	Father
SSC03933	0	1883	CNV	Proband
SSC03935	0	8148	CNV	Mother
SSC03936	0	4390	CNV	Mother
SSC03941	2	1191	CNV	Father
SSC03951	0	5013	CNV	Father
SSC03994	0	9473	CNV	Mother
SSC03996	0	1330	CNV	Mother
SSC04008	0	8100	CNV	Father
SSC04018	0	2366	CNV	Mother
SSC04033	0	698	CNV	Mother
SSC04034	0	2092	CNV	Father
SSC04041	0	1948	CNV	Proband
SSC04044	1	10122	CNV	Proband
SSC04059	0	1219	CNV	Father
SSC04082	0	1879	CNV	Proband
SSC04087	0	22336	CNV	Mother
SSC04107	0	8257	CNV	Mother
SSC04108	0	830	CNV	Mother
SSC04112	0	15583	CNV	Father
SSC04125	0	1286	CNV	Mother
SSC04138	0	2745	CNV	Proband
SSC04141	0	2745	CNV	Mother
SSC04145	0	5097	CNV	Father
SSC04146	0	2239	CNV	Father
SSC04148	0	5211	CNV	Proband
SSC04152	0	2855	CNV	Mother
SSC04165	0	1497	CNV	Proband
SSC04173	0	5501	CNV	Mother
SSC04178	0	1658	CNV	Father
SSC04201	0	5369	CNV	Father
SSC04227	0	2989	CNV	Father
SSC04243	1	2023	CNV	Proband
SSC04252	0	7495	CNV	Father
SSC04256	0	1300	CNV	Father
SSC04294	0	11219	CNV	Mother
SSC04313	1	1780	CNV	Mother
SSC04318	0	2216	CNV	Proband
SSC04333	0	1041	CNV	Father
SSC04379	0	2542	CNV	Father
SSC04382	0	796	CNV	Proband
SSC04384	0	5050	CNV	Mother
SSC04405	0	299	CNV	Mother
SSC04418	0	7012	CNV	Father
SSC04427	0	3494	CNV	Father
SSC04432	0	6092	CNV	Proband
SSC04434	0	6094	CNV	Proband
SSC04437	0	2886	CNV	Mother
SSC04439	0	5943	CNV	Mother
SSC04446	0	4920	CNV	Father
SSC04454	0	11687	CNV	Father
SSC04458	2	15428	CNV	Proband
SSC04463	0	1376	CNV	Proband
SSC04466	0	4229	CNV	Mother
SSC04468	2	15428	CNV	Mother
SSC04474	0	6104	CNV	Mother
SSC04481	0	11171	CNV	Father
SSC04498	1	4505	CNV	Proband
SSC04502	2	4350	CNV	Mother
SSC04512	0	2090	CNV	Father
SSC04513	0	1013	CNV	Father
SSC04515	0	2127	CNV	Proband
SSC04528	0	18703	CNV	Father
SSC04540	0	6102	CNV	Proband
SSC04548	0	2472	CNV	Mother
SSC04565	0	4920	CNV	Proband
SSC04592	1	2181	CNV	Proband
SSC04641	0	467	CNV	Father
SSC04650	0	4778	CNV	Father
SSC04652	0	2708	CNV	Proband
SSC04673	1	3523	CNV	Proband
SSC04682	1	3390	CNV	Father
SSC04689	0	2493	CNV	Father
SSC04742	0	715	CNV	Father
SSC04747	1	6930	CNV	Proband
SSC04749	1	2416	CNV	Mother
SSC04756	0	6601	CNV	Proband
SSC04773	0	6673	CNV	Mother
SSC04780	1	1601	CNV	Proband
SSC04781	1	2663	CNV	Mother
SSC04782	3	7936	CNV	Father
SSC04794	0	9330	CNV	Proband
SSC04798	0	9330	CNV	Mother
SSC04803	0	12716	CNV	Father
SSC04808	0	6528	CNV	Father
SSC04811	0	5053	CNV	Proband
SSC04824	0	6811	CNV	Proband
SSC04826	0	464	CNV	Proband
SSC04832	0	6811	CNV	Father
SSC04848	0	3266	CNV	Father
SSC04852	0	1839	CNV	Mother
SSC04859	0	3598	CNV	Proband
SSC04862	0	8394	CNV	Mother
SSC04871	0	2615	CNV	Father
SSC04880	0	2364	CNV	Mother
SSC04886	0	3559	CNV	Mother
SSC04892	1	1175	CNV	Father
SSC04927	0	1547	CNV	Proband
SSC04939	0	926	CNV	Father
SSC04943	0	2688	CNV	Mother
SSC04966	0	3597	CNV	Proband
SSC04979	1	22856	CNV	Proband
SSC04982	1	5954	CNV	Mother
SSC04984	1	22856	CNV	Mother
SSC04995	0	5670	CNV	Proband
SSC04998	0	4018	CNV	Father
SSC05002	0	2478	CNV	Proband
SSC05004	0	4300	CNV	Proband
SSC05009	0	2077	CNV	Mother
SSC05073	0	1122	CNV	Father
SSC05088	0	5389	CNV	Proband
SSC05104	1	3193	CNV	Father
SSC05106	0	4294	CNV	Father
SSC05108	0	4685	CNV	Father
SSC05118	0	1769	CNV	Father
SSC05164	1	19467	CNV	Mother
SSC05165	0	5952	CNV	Father
SSC05169	2	9103	CNV	Proband
SSC05174	1	2929	CNV	Mother
SSC05176	0	6396	CNV	Mother
SSC05177	2	1191	CNV	Mother
SSC05187	2	10440	CNV	Father
SSC05237	1	4028	CNV	Mother
SSC05240	0	5183	CNV	Father
SSC05253	1	2613	CNV	Mother
SSC05270	0	6254	CNV	Father
SSC05274	2	7563	CNV	Proband
SSC05277	0	1666	CNV	Mother
SSC05278	1	7563	CNV	Mother
SSC05280	0	1187	CNV	Father
SSC05282	0	1529	CNV	Father
SSC05289	0	2097	CNV	Father
SSC05347	0	2624	CNV	Father
SSC05357	0	2386	CNV	Mother
SSC05372	0	3282	CNV	Proband
SSC05377	0	2624	CNV	Mother
SSC05390	0	6459	CNV	Father
SSC05402	0	1078	CNV	Father
SSC05406	0	2531	CNV	Father
SSC05408	0	2591	CNV	Father
SSC05411	1	7667	CNV	Proband
SSC05421	1	3934	CNV	Mother
SSC05438	0	8728	CNV	Proband
SSC05443	2	9246	CNV	Mother
SSC05486	0	888	CNV	Father
SSC05515	1	12568	CNV	Proband
SSC05516	0	4169	CNV	Proband
SSC05520	2	5490	CNV	Mother
SSC05528	1	621	CNV	Father
SSC05578	0	11126	CNV	Father
SSC05583	0	6935	CNV	Father
SSC05585	1	7667	CNV	Father
SSC05595	0	2805	CNV	Proband
SSC05597	0	4336	CNV	Proband
SSC05598	0	3769	CNV	Proband
SSC05603	0	3371	CNV	Mother
SSC05609	0	3102	CNV	Mother
SSC05617	0	4336	CNV	Father
SSC05627	0	4516	CNV	Proband
SSC05632	0	1518	CNV	Mother
SSC05656	0	241	CNV	Father
SSC05658	0	1544	CNV	Father
SSC05664	0	12058	CNV	Proband
SSC05665	1	8649	CNV	Proband
SSC05672	0	12058	CNV	Mother
SSC05676	0	1682	CNV	Mother
SSC05681	0	4142	CNV	Father
SSC05690	0	11122	CNV	Proband
SSC05697	0	11122	CNV	Father
SSC05709	0	4270	CNV	Proband
SSC05712	0	1944	CNV	Mother
SSC05715	0	1156	CNV	Father
SSC05716	0	10129	CNV	Father
SSC05741	0	11041	CNV	Father
SSC05784	0	1293	CNV	Proband
SSC05788	0	1953	CNV	Mother
SSC05813	0	1095	CNV	Proband
SSC05827	0	791	CNV	Proband
SSC05836	0	1224	CNV	Father
SSC05840	1	3969	CNV	Father
SSC05844	0	2061	CNV	Father
SSC05848	0	22527	CNV	Proband
SSC05851	0	3358	CNV	Mother
SSC05858	0	8856	CNV	Mother
SSC05875	0	9913	CNV	Proband
SSC05876	0	10268	CNV	Mother
SSC05877	0	2529	CNV	Father
SSC05901	0	1496	CNV	Mother
SSC05917	1	5177	CNV	Proband
SSC05920	1	5177	CNV	Mother
SSC05922	0	554	CNV	Mother
SSC05945	0	3718	CNV	Proband
SSC05953	0	5747	CNV	Father
SSC05966	0	4210	CNV	Proband
SSC05997	0	4156	CNV	Proband
SSC05999	0	447	CNV	Mother
SSC06000	0	876	CNV	Mother
SSC06016	0	4749	CNV	Father
SSC06019	0	1213	CNV	Father
SSC06021	0	994	CNV	Mother
SSC06029	0	1456	CNV	Proband
SSC06031	0	3556	CNV	Mother
SSC06038	5	80450	CNV	Proband
SSC06045	4	80450	CNV	Mother
SSC06048	0	0	CNV	Mother
SSC06052	0	1616	CNV	Mother
SSC06058	1	916	CNV	Father
SSC06069	0	1251	CNV	Proband
SSC06071	0	2624	CNV	Father
SSC06080	0	1892	CNV	Proband
SSC06095	0	2597	CNV	Proband
SSC06101	0	4009	CNV	Mother
SSC06112	0	2883	CNV	Proband
SSC06185	0	6706	CNV	Father
SSC06198	1	2393	CNV	Father
SSC06200	1	1441	CNV	Father
SSC06219	2	10898	CNV	Proband
SSC06222	1	11020	CNV	Mother
SSC06246	0	14161	CNV	Proband
SSC06261	0	14161	CNV	Father
SSC06262	0	3897	CNV	Father
SSC06286	0	2260	CNV	Proband
SSC06288	0	1804	CNV	Mother
SSC06317	0	1768	CNV	Father
SSC06325	0	4022	CNV	Proband
SSC06326	0	2244	CNV	Proband
SSC06328	0	1708	CNV	Mother
SSC06330	0	2244	CNV	Mother
SSC06333	0	3798	CNV	Father
SSC06346	0	8282	CNV	Proband
SSC06350	0	18188	CNV	Mother
SSC06364	0	12289	CNV	Proband
SSC06366	0	3039	CNV	Proband
SSC06369	0	3197	CNV	Mother
SSC06376	0	505	CNV	Father
SSC06378	0	12452	CNV	Father
SSC06385	0	4022	CNV	Father
SSC06388	0	8513	CNV	Proband
SSC06396	0	8513	CNV	Father
SSC06405	0	587	CNV	Proband
SSC06413	0	587	CNV	Father
SSC06417	3	39554	CNV	Proband
SSC06436	0	3104	CNV	Proband
SSC06442	0	1663	CNV	Mother
SSC06478	0	4399	CNV	Mother
SSC06484	1	6378	CNV	Mother
SSC06490	0	7179	CNV	Father
SSC06492	0	3400	CNV	Father
SSC06505	0	5901	CNV	Mother
SSC06508	0	5300	CNV	Mother
SSC06522	0	3176	CNV	Proband
SSC06526	0	8904	CNV	Proband
SSC06531	1	8805	CNV	Mother
SSC06539	0	5981	CNV	Father
SSC06562	2	5289	CNV	Proband
SSC06565	0	5995	CNV	Proband
SSC06571	0	2319	CNV	Mother
SSC06582	3	4906	CNV	Father
SSC06586	0	6299	CNV	Father
SSC06599	0	12621	CNV	Mother
SSC06600	0	1415	CNV	Father
SSC06601	0	6941	CNV	Proband
SSC06611	0	1249	CNV	Proband
SSC06635	1	13232	CNV	Father
SSC06643	0	2652	CNV	Father
SSC06659	0	6881	CNV	Proband
SSC06684	3	10781	CNV	Proband
SSC06701	1	3550	CNV	Mother
SSC06711	0	458	CNV	Proband
SSC06721	0	982	CNV	Proband
SSC06726	0	1529	CNV	Mother
SSC06735	0	1256	CNV	Proband
SSC06739	0	2671	CNV	Father
SSC06752	0	3168	CNV	Father
SSC06762	0	1746	CNV	Father
SSC06764	12	86558	CNV	Proband
SSC06768	11	83305	CNV	Father
SSC06778	0	4053	CNV	Father
SSC06787	0	3064	CNV	Proband
SSC06791	0	3064	CNV	Mother
SSC06796	0	3115	CNV	Father
SSC06801	1	1175	CNV	Proband
SSC06836	1	4613	CNV	Father
SSC06842	1	1642	CNV	Proband
SSC06847	0	7155	CNV	Mother
SSC06859	0	328	CNV	Father
SSC06864	5	60756	CNV	Mother
SSC06904	0	8298	CNV	Proband
SSC06905	3	3366	CNV	Proband
SSC06907	0	2160	CNV	Proband
SSC06909	0	8298	CNV	Mother
SSC06910	3	5200	CNV	Mother
SSC06912	0	7986	CNV	Mother
SSC06921	0	6706	CNV	Proband
SSC06924	0	3849	CNV	Mother
SSC06925	0	5264	CNV	Mother
SSC06928	0	7393	CNV	Father
SSC06940	0	2225	CNV	Mother
SSC06960	1	1046	CNV	Father
SSC06967	0	2094	CNV	Proband
SSC06968	1	6935	CNV	Proband
SSC06974	0	10713	CNV	Mother
SSC06983	1	6419	CNV	Father
SSC06988	0	4069	CNV	Mother
SSC06991	0	486	CNV	Father
SSC06995	0	5522	CNV	Proband
SSC07014	1	2782	CNV	Proband
SSC07020	0	650	CNV	Father
SSC07024	0	2142	CNV	Father
SSC07026	0	5967	CNV	Proband
SSC07031	0	12840	CNV	Mother
SSC07037	0	5714	CNV	Father
SSC07047	0	11863	CNV	Proband
SSC07052	0	11663	CNV	Mother
SSC07073	0	1056	CNV	Proband
SSC07080	0	761	CNV	Mother
SSC07085	0	1933	CNV	Father
SSC07092	0	5380	CNV	Father
SSC07097	0	6378	CNV	Proband
SSC07104	0	6378	CNV	Mother
SSC07105	0	8064	CNV	Mother
SSC07106	0	7579	CNV	Mother
SSC07128	0	447	CNV	Mother
SSC07129	0	5498	CNV	Mother
SSC07164	0	5200	CNV	Mother
SSC07166	0	1498	CNV	Father
SSC07168	0	2104	CNV	Father
SSC07178	3	10781	CNV	Father
SSC07183	0	5907	CNV	Proband
SSC07185	0	6553	CNV	Proband
SSC07197	2	14593	CNV	Father
SSC07209	0	9500	CNV	Proband
SSC07215	0	3466	CNV	Mother
SSC07223	0	6209	CNV	Father
SSC07230	0	5826	CNV	Proband
SSC07232	0	5826	CNV	Mother
SSC07242	0	396	CNV	Mother
SSC07265	0	4938	CNV	Proband
SSC07279	0	5059	CNV	Proband
SSC07286	0	4921	CNV	Mother
SSC07289	0	3925	CNV	Mother
SSC07302	0	8513	CNV	Proband
SSC07312	0	8605	CNV	Father
SSC07315	0	3639	CNV	Father
SSC07329	0	5558	CNV	Mother
SSC07358	0	1063	CNV	Father
SSC07359	0	1410	CNV	Proband
SSC07363	0	2465	CNV	Proband
SSC07381	1	1196	CNV	Proband
SSC07386	0	2021	CNV	Father
SSC07397	0	4266	CNV	Mother
SSC07406	0	12121	CNV	Proband
SSC07408	0	12294	CNV	Mother
SSC07413	0	1400	CNV	Father
SSC07423	0	9563	CNV	Mother
SSC07428	0	2624	CNV	Father
SSC07436	0	1655	CNV	Mother
SSC07438	0	2122	CNV	Mother
SSC07445	0	5869	CNV	Proband
SSC07468	0	3540	CNV	Proband
SSC07471	0	1604	CNV	Proband
SSC07475	0	2978	CNV	Mother
SSC07489	0	14423	CNV	Father
SSC07491	0	5500	CNV	Father
SSC07495	0	2465	CNV	Mother
SSC07501	1	2010	CNV	Proband
SSC07506	2	1806	CNV	Proband
SSC07512	0	6455	CNV	Mother
SSC07536	1	1299	CNV	Father
SSC07541	0	6641	CNV	Proband
SSC07546	0	6824	CNV	Father
SSC07554	0	5808	CNV	Mother
SSC07570	0	1290	CNV	Proband
SSC07574	0	1290	CNV	Mother
SSC07588	0	1033	CNV	Proband
SSC07592	0	22453	CNV	Mother
SSC07600	0	7326	CNV	Father
SSC07602	0	6539	CNV	Father
SSC07604	0	3193	CNV	Proband
SSC07619	1	24776	CNV	Proband
SSC07621	0	24776	CNV	Father
SSC07676	0	7137	CNV	Father
SSC07687	0	23799	CNV	Proband
SSC07688	0	3631	CNV	Mother
SSC07691	1	20054	CNV	Mother
SSC07698	0	939	CNV	Proband
SSC07711	0	113	CNV	Father
SSC07724	0	4787	CNV	Mother
SSC07731	3	22686	CNV	Father
SSC07750	0	11327	CNV	Mother
SSC07766	0	1122	CNV	Proband
SSC07791	0	2710	CNV	Mother
SSC07818	0	3597	CNV	Father
SSC07822	2	3254	CNV	Proband
SSC07824	0	10350	CNV	Proband
SSC07830	0	7782	CNV	Mother
SSC07843	0	2189	CNV	Proband
SSC07848	0	587	CNV	Father
SSC07862	0	1093	CNV	Mother
SSC07903	0	6690	CNV	Proband
SSC07905	0	3156	CNV	Mother
SSC07912	0	9666	CNV	Father
SSC07915	1	2455	CNV	Proband
SSC07917	0	1533	CNV	Mother
SSC07980	0	4506	CNV	Father
SSC07988	0	6152	CNV	Mother
SSC07990	0	2143	CNV	Mother
SSC07992	1	3186	CNV	Father
SSC07995	2	3174	CNV	Father
SSC08004	0	1959	CNV	Proband
SSC08010	0	4037	CNV	Mother
SSC08015	0	262	CNV	Father
SSC08026	0	685	CNV	Father
SSC08032	0	1922	CNV	Proband
SSC08034	0	4989	CNV	Mother
SSC08040	1	4308	CNV	Proband
SSC08043	1	4308	CNV	Mother
SSC08044	0	1087	CNV	Mother
SSC08052	0	10734	CNV	Proband
SSC08056	0	1041	CNV	Proband
SSC08059	0	20897	CNV	Mother
SSC08062	0	994	CNV	Mother
SSC08082	1	305	CNV	Mother
SSC08105	0	10772	CNV	Proband
SSC08110	0	9559	CNV	Mother
SSC08135	3	7198	CNV	Father
SSC08153	0	3978	CNV	Proband
SSC08160	0	3638	CNV	Father
SSC08192	4	17385	CNV	Proband
SSC08200	0	5204	CNV	Father
SSC08202	3	17385	CNV	Father
SSC08203	0	5745	CNV	Father
SSC08212	0	768	CNV	Father
SSC08222	1	5643	CNV	Mother
SSC08223	0	3012	CNV	Mother
SSC08233	1	9073	CNV	Father
SSC08242	0	7008	CNV	Proband
SSC08244	1	3655	CNV	Proband
SSC08248	0	3223	CNV	Mother
SSC08263	0	13364	CNV	Proband
SSC08289	5	10737	CNV	Proband
SSC08290	1	6235	CNV	Proband
SSC08292	0	1137	CNV	Proband
SSC08294	7	10737	CNV	Mother
SSC08295	0	5811	CNV	Mother
SSC08301	1	6009	CNV	Father
SSC08303	0	4552	CNV	Father
SSC08332	1	5177	CNV	Proband
SSC08333	0	3738	CNV	Proband
SSC08366	0	2906	CNV	Mother
SSC08374	0	2865	CNV	Proband
SSC08380	0	447	CNV	Mother
SSC08396	0	1301	CNV	Proband
SSC08402	0	1301	CNV	Father
SSC08427	0	10073	CNV	Mother
SSC08439	2	4851	CNV	Father
SSC08457	0	1348	CNV	Father
SSC08472	0	3774	CNV	Father
SSC08473	0	5028	CNV	Proband
SSC08495	0	2898	CNV	Father
SSC08499	0	3807	CNV	Proband
SSC08512	0	4872	CNV	Father
SSC08515	1	1535	CNV	Proband
SSC08516	1	5644	CNV	Mother
SSC08532	0	9638	CNV	Mother
SSC08533	0	1783	CNV	Mother
SSC08537	0	2255	CNV	Father
SSC08553	0	1905	CNV	Mother
SSC08606	0	1949	CNV	Proband
SSC08631	0	5129	CNV	Father
SSC08640	0	4009	CNV	Proband
SSC08641	0	1902	CNV	Mother
SSC08647	0	1144	CNV	Father
SSC08649	0	3811	CNV	Father
SSC08652	0	4009	CNV	Father
SSC08665	0	10675	CNV	Proband
SSC08674	0	10517	CNV	Father
SSC08686	1	22717	CNV	Mother
SSC08708	0	746	CNV	Father
SSC08709	0	963	CNV	Proband
SSC08712	0	963	CNV	Mother
SSC08714	0	8613	CNV	Father
SSC08715	2	11470	CNV	Proband
SSC08747	1	3362	CNV	Father
SSC08754	0	1174	CNV	Proband
SSC08767	0	2079	CNV	Proband
SSC08770	0	796	CNV	Mother
SSC08774	0	7841	CNV	Father
SSC08775	0	3035	CNV	Father
SSC08783	2	4809	CNV	Proband
SSC08788	2	5133	CNV	Mother
SSC08812	0	2098	CNV	Proband
SSC08854	0	980	CNV	Father
SSC08873	0	650	CNV	Mother
SSC08877	1	2446	CNV	Father
SSC08892	0	4778	CNV	Mother
SSC08927	1	2097	CNV	Proband
SSC08929	1	2217	CNV	Mother
SSC08935	0	11199	CNV	Proband
SSC08936	0	2934	CNV	Proband
SSC08938	0	3264	CNV	Mother
SSC08940	1	1242	CNV	Mother
SSC08964	0	6413	CNV	Father
SSC08980	0	650	CNV	Proband
SSC08995	0	2291	CNV	Proband
SSC09000	0	2209	CNV	Mother
SSC09028	0	1798	CNV	Proband
SSC09029	0	4462	CNV	Mother
SSC09043	1	742	CNV	Proband
SSC09046	1	742	CNV	Mother
SSC09055	0	5347	CNV	Proband
SSC09061	0	11811	CNV	Mother
SSC09065	0	3313	CNV	Father
SSC09093	0	1201	CNV	Mother
SSC09095	0	1650	CNV	Mother
SSC09117	0	1515	CNV	Proband
SSC09122	0	1515	CNV	Mother
SSC09123	0	3391	CNV	Mother
SSC09127	0	88	CNV	Father
SSC09133	0	4086	CNV	Proband
SSC09140	1	26939	CNV	Proband
SSC09144	2	22401	CNV	Mother
SSC09170	0	695	CNV	Father
SSC09172	0	6378	CNV	Proband
SSC09176	0	6378	CNV	Mother
SSC09216	0	2883	CNV	Proband
SSC09217	0	2882	CNV	Mother
SSC09240	2	6033	CNV	Proband
SSC09241	0	4856	CNV	Proband
SSC09250	0	11425	CNV	Father
SSC09254	1	6143	CNV	Father
SSC09275	0	6073	CNV	Father
SSC09279	0	9619	CNV	Proband
SSC09286	0	9619	CNV	Mother
SSC09303	0	650	CNV	Father
SSC09305	0	1946	CNV	Proband
SSC09306	3	24264	CNV	Proband
SSC09310	1	21027	CNV	Mother
SSC09314	0	13499	CNV	Father
SSC09338	0	2624	CNV	Father
SSC09343	3	3212	CNV	Proband
SSC09350	0	11268	CNV	Mother
SSC09354	0	386	CNV	Father
SSC09403	0	3451	CNV	Proband
SSC09408	0	4970	CNV	Mother
SSC09412	0	6566	CNV	Mother
SSC09418	0	3119	CNV	Father
SSC09421	0	4354	CNV	Father
SSC09427	0	3954	CNV	Father
SSC09440	0	7129	CNV	Father
SSC09470	0	7269	CNV	Proband
SSC09476	0	2336	CNV	Mother
SSC09486	0	6061	CNV	Father
SSC09498	0	2230	CNV	Proband
SSC09504	0	844	CNV	Father
SSC09518	0	6823	CNV	Proband
SSC09525	0	3440	CNV	Mother
SSC09542	0	4280	CNV	Proband
SSC09543	0	4280	CNV	Mother
SSC09544	1	1248	CNV	Father
SSC09548	0	3643	CNV	Father
SSC09558	0	1448	CNV	Proband
SSC09570	0	2192	CNV	Mother
SSC09587	0	1261	CNV	Proband
SSC09590	0	690	CNV	Proband
SSC09613	0	5916	CNV	Proband
SSC09631	0	15387	CNV	Father
SSC09642	0	3183	CNV	Proband
SSC09645	0	15339	CNV	Father
SSC09674	0	0	CNV	Father
SSC09706	0	1324	CNV	Father
SSC09708	0	1324	CNV	Proband
SSC09724	1	1729	CNV	Proband
SSC09726	1	3112	CNV	Mother
SSC09754	0	3335	CNV	Proband
SSC09758	1	28915	CNV	Proband
SSC09760	0	788	CNV	Mother
SSC09762	0	11883	CNV	Mother
SSC09765	0	1440	CNV	Father
SSC09785	1	496	CNV	Proband
SSC09786	0	4394	CNV	Mother
SSC09802	0	5914	CNV	Proband
SSC09804	0	4555	CNV	Mother
SSC09806	0	1969	CNV	Father
SSC09822	0	4372	CNV	Proband
SSC09826	0	4683	CNV	Mother
SSC09837	0	5028	CNV	Proband
SSC09849	0	362	CNV	Father
SSC09872	0	4778	CNV	Proband
SSC09893	0	3751	CNV	Father
SSC09898	3	1080	CNV	Mother
SSC09909	0	1065	CNV	Mother
SSC09910	0	1068	CNV	Mother
SSC09938	4	6461	CNV	Proband
SSC09940	0	1933	CNV	Proband
SSC09952	2	6461	CNV	Father
SSC09969	0	28401	CNV	Proband
SSC09971	0	6348	CNV	Mother
SSC09979	0	1382	CNV	Proband
SSC09995	0	299	CNV	Father
SSC10004	0	6787	CNV	Mother
SSC10017	0	973	CNV	Proband
SSC10052	0	5156	CNV	Proband
SSC10053	0	17345	CNV	Proband
SSC10056	0	2002	CNV	Proband
SSC10058	0	5527	CNV	Mother
SSC10062	0	2002	CNV	Mother
SSC10085	0	7704	CNV	Proband
SSC10089	0	7636	CNV	Father
SSC10091	0	28623	CNV	Father
SSC10117	0	948	CNV	Father
SSC10122	0	1195	CNV	Proband
SSC10129	0	23320	CNV	Mother
SSC10181	0	3348	CNV	Proband
SSC10184	0	3215	CNV	Mother
SSC10193	0	3382	CNV	Proband
SSC10212	4	16290	CNV	Proband
SSC10213	0	777	CNV	Proband
SSC10217	0	2434	CNV	Mother
SSC10221	0	2830	CNV	Father
SSC10223	2	10778	CNV	Father
SSC10225	0	650	CNV	Father
SSC10230	0	22626	CNV	Father
SSC10243	0	6645	CNV	Proband
SSC10244	8	19548	CNV	Mother
SSC10249	5	4149	CNV	Proband
SSC10251	1	237	CNV	Proband
SSC10252	0	2197	CNV	Mother
SSC10255	4	2382	CNV	Father
SSC10257	0	3878	CNV	Father
SSC10259	0	5762	CNV	Proband
SSC10260	0	5429	CNV	Proband
SSC10263	0	5762	CNV	Father
SSC10265	1	8655	CNV	Father
SSC10275	0	260	CNV	Mother
SSC10293	0	7361	CNV	Proband
SSC10301	1	7451	CNV	Mother
SSC10317	0	2726	CNV	Father
SSC10328	0	2732	CNV	Father
SSC10336	0	10002	CNV	Proband
SSC10339	0	540	CNV	Mother
SSC10344	0	4970	CNV	Father
SSC10346	1	6018	CNV	Father
SSC10351	0	696	CNV	Father
SSC10364	1	7261	CNV	Proband
SSC10383	3	5285	CNV	Father
SSC10404	0	982	CNV	Father
SSC10412	0	1988	CNV	Father
SSC10419	0	1753	CNV	Mother
SSC10441	1	10254	CNV	Father
SSC10446	1	6409	CNV	Father
SSC10451	0	8351	CNV	Father
SSC10457	0	761	CNV	Mother
SSC10459	1	1492	CNV	Father
SSC10462	1	2600	CNV	Proband
SSC10463	0	3296	CNV	Proband
SSC10466	1	2423	CNV	Mother
SSC10475	0	15611	CNV	Proband
SSC10476	0	3310	CNV	Mother
SSC10478	0	12104	CNV	Father
SSC10500	4	6882	CNV	Father
SSC10517	0	1805	CNV	Father
SSC10534	0	3002	CNV	Proband
SSC10536	0	7719	CNV	Proband
SSC10538	0	844	CNV	Mother
SSC10540	0	5585	CNV	Mother
SSC10544	0	3002	CNV	Father
SSC10601	0	4689	CNV	Proband
SSC10606	0	5888	CNV	Mother
SSC10617	0	2826	CNV	Mother
SSC10620	0	1813	CNV	Father
SSC10626	0	4878	CNV	Mother
SSC10628	0	1760	CNV	Father
SSC10643	0	3409	CNV	Proband
SSC10644	0	680	CNV	Mother
SSC10646	0	3409	CNV	Mother
SSC10654	3	7550	CNV	Proband
SSC10663	4	5600	CNV	Proband
SSC10665	5	4531	CNV	Mother
SSC10666	3	7550	CNV	Father
SSC10669	1	1191	CNV	Father
SSC10678	0	11463	CNV	Mother
SSC10706	0	4916	CNV	Proband
SSC10709	0	4790	CNV	Proband
SSC10710	0	2255	CNV	Mother
SSC10711	0	4307	CNV	Mother
SSC10713	0	5459	CNV	Mother
SSC10714	0	4424	CNV	Father
SSC10729	0	5264	CNV	Proband
SSC10739	1	5177	CNV	Mother
SSC10743	0	2054	CNV	Father
SSC10758	0	1226	CNV	Proband
SSC10766	0	1055	CNV	Father
SSC10774	0	4366	CNV	Proband
SSC10779	3	6325	CNV	Mother
SSC10811	0	3921	CNV	Proband
SSC10812	0	2255	CNV	Proband
SSC10814	0	10135	CNV	Proband
SSC10816	0	2413	CNV	Mother
SSC10853	1	948	CNV	Proband
SSC10863	2	7863	CNV	Father
SSC10867	1	10091	CNV	Father
SSC10878	0	1253	CNV	Proband
SSC10894	0	1144	CNV	Father
SSC10903	0	1068	CNV	Proband
SSC10908	0	2866	CNV	Mother
SSC10909	0	2071	CNV	Mother
SSC10917	0	8394	CNV	Proband
SSC10919	0	2242	CNV	Mother
SSC10935	0	2008	CNV	Proband
SSC10938	0	2370	CNV	Mother
SSC10943	0	1309	CNV	Father
SSC10950	0	2184	CNV	Father
SSC10957	0	850	CNV	Proband
SSC10965	0	850	CNV	Father
SSC10976	0	3425	CNV	Father
SSC10999	0	3875	CNV	Father
SSC11003	0	2851	CNV	Proband
SSC11031	0	2520	CNV	Proband
SSC11034	0	6967	CNV	Mother
SSC11037	0	7968	CNV	Mother
SSC11049	0	1466	CNV	Father
SSC11055	0	1006	CNV	Proband
SSC11069	5	57570	CNV	Proband
SSC11072	0	1181	CNV	Mother
SSC11076	4	50145	CNV	Father
SSC11081	0	1700	CNV	Father
SSC11139	0	2737	CNV	Proband
SSC11152	1	1123	CNV	Mother
SSC11163	0	2289	CNV	Proband
SSC11178	0	16400	CNV	Father
SSC11181	2	6723	CNV	Father
SSC11185	0	1208	CNV	Proband
SSC11192	0	1686	CNV	Father
SSC11219	0	2615	CNV	Father
SSC11230	0	7089	CNV	Proband
SSC11236	0	1050	CNV	Mother
SSC11238	0	5313	CNV	Father
SSC11240	0	10980	CNV	Father
SSC11251	0	12472	CNV	Proband
SSC11258	0	12416	CNV	Father
SSC11289	0	7370	CNV	Mother
SSC11297	0	2255	CNV	Proband
SSC11299	0	2348	CNV	Father
SSC11301	0	9721	CNV	Proband
SSC11307	0	9134	CNV	Father
SSC11315	0	17698	CNV	Mother
SSC11329	0	891	CNV	Proband
SSC11331	6	21752	CNV	Mother
SSC11333	0	820	CNV	Mother
SSC11334	1	429	CNV	Father
SSC11337	0	11350	CNV	Father
SSC11339	0	2840	CNV	Father
SSC11348	0	2912	CNV	Proband
SSC11352	0	4045	CNV	Mother
SSC11373	1	3502	CNV	Proband
SSC11379	2	5043	CNV	Mother
SSC11381	1	22505	CNV	Father
SSC11393	1	24404	CNV	Proband
SSC11394	0	6955	CNV	Proband
SSC11395	1	24404	CNV	Mother
SSC11396	0	3265	CNV	Mother
SSC11404	0	5730	CNV	Proband
SSC11414	1	473	CNV	Proband
SSC11438	0	2724	CNV	Proband
SSC11439	1	6148	CNV	Proband
SSC11443	0	2976	CNV	Mother
SSC11453	2	2739	CNV	Father
SSC11456	1	852	CNV	Proband
SSC11457	0	3051	CNV	Mother
SSC11458	0	2718	CNV	Mother
SSC11460	1	544	CNV	Father
SSC11463	0	8342	CNV	Proband
SSC11500	0	7149	CNV	Proband
SSC11503	0	1483	CNV	Mother
SSC11506	0	5912	CNV	Father
SSC11517	1	6090	CNV	Father
SSC11525	0	3050	CNV	Proband
SSC11549	0	3370	CNV	Proband
SSC11550	0	4700	CNV	Mother
SSC11572	0	1086	CNV	Proband
SSC11581	0	4342	CNV	Father
SSC11594	0	3588	CNV	Mother
SSC11595	0	15971	CNV	Mother
SSC11662	0	2578	CNV	Proband
SSC11665	1	1216	CNV	Mother
SSC11692	0	1626	CNV	Father
SSC11726	0	1797	CNV	Father
SSC11734	1	909	CNV	Mother
SSC11738	0	487	CNV	Father
SSC11774	0	4555	CNV	Father
SSC11789	0	4986	CNV	Father
SSC11796	0	153	CNV	Mother
SSC11809	0	1969	CNV	Proband
SSC11811	1	10511	CNV	Proband
SSC11813	0	1222	CNV	Mother
SSC11823	2	9543	CNV	Father
SSC11828	0	2386	CNV	Proband
SSC11833	0	3719	CNV	Mother
SSC11846	0	2386	CNV	Father
SSC11852	1	1399	CNV	Proband
SSC11866	0	5575	CNV	Father
SSC11911	0	3983	CNV	Proband
SSC11928	0	2809	CNV	Mother
SSC11965	0	3135	CNV	Proband
SSC11968	0	3135	CNV	Mother
SSC11986	0	2417	CNV	Father
SSC11996	0	1484	CNV	Mother
SSC12016	0	1762	CNV	Proband
SSC12025	0	1468	CNV	Father
SSC12030	0	1137	CNV	Father
SSC12032	1	5433	CNV	Father
SSC12039	0	4512	CNV	Mother
SSC12050	0	9715	CNV	Mother
SSC12057	0	342	CNV	Proband
SSC12064	0	11204	CNV	Mother
SSC12065	0	5841	CNV	Mother
SSC12079	0	3684	CNV	Proband
SSC12083	0	1738	CNV	Father
SSC12094	0	975	CNV	Proband
SSC12095	0	1037	CNV	Proband
SSC12097	0	1035	CNV	Mother
SSC12110	0	3954	CNV	Mother
SSC12151	0	2022	CNV	Proband
SSC12159	0	1515	CNV	Mother
SSC12160	0	1353	CNV	Mother
SSC12180	0	10715	CNV	Proband
SSC12182	0	10715	CNV	Father
SSC12187	0	3550	CNV	Father
SSC12192	0	7758	CNV	Mother
SSC12194	0	2869	CNV	Proband
SSC12204	1	2869	CNV	Father
SSC12207	0	1569	CNV	Proband
SSC12210	0	1608	CNV	Mother
SSC12214	0	528	CNV	Father
SSC12217	0	2178	CNV	Proband
SSC12220	0	1041	CNV	Mother
SSC12284	0	9390	CNV	Proband
SSC12296	0	5025	CNV	Father
SSC12300	0	3342	CNV	Proband
SSC12302	0	2497	CNV	Mother
SSC12307	1	1292	CNV	Proband
SSC12311	1	5704	CNV	Proband
SSC12322	0	5111	CNV	Father
SSC12324	1	5704	CNV	Father
SSC12327	0	994	CNV	Mother
SSC12330	0	9445	CNV	Proband
SSC12335	0	1675	CNV	Mother
SSC12378	4	14565	CNV	Father
SSC12400	0	5086	CNV	Mother
SSC12412	0	4098	CNV	Mother
SSC12431	1	2154	CNV	Father
SSC12447	1	2039	CNV	Proband
SSC12460	1	1879	CNV	Father
SSC12487	0	9471	CNV	Proband
SSC12489	0	1614	CNV	Proband
SSC12549	0	376	CNV	Father
SSC12556	0	6541	CNV	Proband
SSC12559	0	6541	CNV	Mother
SSC12573	2	4329	CNV	Proband
SSC12578	2	4329	CNV	Father
SSC12606	0	646	CNV	Father
SSC12614	0	5222	CNV	Proband
SSC12616	0	6937	CNV	Mother
SSC12634	0	1083	CNV	Mother
SSC12685	0	6985	CNV	Father
SSC12686	0	825	CNV	Proband
SSC12688	0	8632	CNV	Mother
SSC12691	0	1930	CNV	Father
SSC12704	0	1383	CNV	Proband
SSC12705	0	1798	CNV	Proband
SSC12729	0	2310	CNV	Proband
SSC12734	0	461	CNV	Mother
SSC12736	0	2310	CNV	Mother
SSC12741	0	8845	CNV	Father
SSC12753	0	2255	CNV	Father
SSC12764	2	10630	CNV	Mother
SSC12766	0	9352	CNV	Mother
SSC12774	0	1052	CNV	Father
SSC12783	0	2729	CNV	Mother
SSC12827	0	779	CNV	Mother
SSC12831	1	6352	CNV	Mother
SSC12838	0	650	CNV	Father
SSC12842	1	9052	CNV	Proband
SSC12843	1	6815	CNV	Mother
SSC12844	0	3443	CNV	Father
SSC12845	0	9320	CNV	Proband
SSC12846	2	17213	CNV	Father
SSC12848	0	1097	CNV	Mother
SSC12850	0	1653	CNV	Proband
SSC12867	0	2268	CNV	Mother
SSC12920	0	12799	CNV	Mother
SSC12926	0	3738	CNV	Father
SSC12927	0	1924	CNV	Father
SSC12935	1	642	CNV	Father
SSC12943	3	15780	CNV	Father
SSC12950	0	7935	CNV	Father
SSC12971	0	5510	CNV	Proband
1-0107-002	0	951	SV	Father
1-0148-001	0	976	SV	Mother
1-0153-002A	1	234	SV	Father
1-0230-001	0	873	SV	Mother
1-0230-002	0	2555	SV	Father
1-0232-001	0	1324	SV	Mother
1-0232-003	0	1324	SV	Proband
1-0257-001	1	5964	SV	Mother
1-0259-001	0	2137	SV	Mother
1-0259-003	0	1076	SV	Proband
1-0282-001	0	514	SV	Mother
1-0319-001	0	1352	SV	Mother
1-0319-003	0	1690	SV	Proband
1-0325-002	1	852	SV	Father
1-0339-003	0	7143	SV	Proband
1-0352-001	0	5195	SV	Mother
1-0352-005	0	9171	SV	Proband
1-0375-001	0	1463	SV	Mother
1-0375-002	0	4672	SV	Father
1-0375-003	0	5936	SV	Proband
1-0381-003	1	679	SV	Proband
1-0387-001	0	452	SV	Mother
1-0387-002	0	882	SV	Father
1-0387-003	0	368	SV	Proband
1-0393-001	0	526	SV	Mother
1-0412-001	0	10367	SV	Mother
1-0482-002	2	1734	SV	Father
1-0482-003	1	1831	SV	Proband
1-0494-003A	0	437	SV	Proband
1-0512-001	1	3787	SV	Mother
1-0513-001	0	1985	SV	Mother
1-0546-002	0	3443	SV	Father
1-0546-003	1	1012	SV	Proband
1-0567-002	1	803	SV	Father
1-0570-003	1	465	SV	Proband
1-0571-002	0	2093	SV	Father
1-0582-001	1	5175	SV	Mother
1-0582-003	4	7147	SV	Proband
1-0604-001	0	1176	SV	Mother
1-0609-001	1	2043	SV	Mother
1-0609-003	1	2256	SV	Proband
1-0630-002	0	146	SV	Father
1-0634-001	0	12244	SV	Mother
1-0634-002	0	5628	SV	Father
1-0634-003	0	7127	SV	Proband
1-0640-002	0	1720	SV	Father
1-0656-001	0	3362	SV	Mother
1-0656-002	0	717	SV	Father
1-0656-003	0	1219	SV	Proband
1-0701-002	1	1498	SV	Father
1-0701-003	0	682	SV	Proband
1-0744-002	0	4822	SV	Father
1-0760-001	1	996	SV	Mother
1-0760-003	0	1059	SV	Proband
1-0806-001	0	957	SV	Mother
1-0806-003	0	866	SV	Proband
1-0876-001A	0	749	SV	Mother
1-0887-002	1	3782	SV	Father
1-0923-001	0	1448	SV	Mother
1-0923-003	0	2928	SV	Proband
1-0925-002	0	840	SV	Father
1-0978-003	1	591	SV	Proband
1-0980-001	1	783	SV	Mother
1-0986-002	0	802	SV	Father
1-0995-001	4	14943	SV	Mother
1-0995-003	4	8631	SV	Proband
1-1012-003A	0	788	SV	Proband
1-1050-002	0	4291	SV	Father
1-1111-001	0	482	SV	Mother
1-1154-002	0	5496	SV	Father
1-1154-003	0	2441	SV	Proband
1-1160-001	0	11423	SV	Mother
1-1169-003	0	842	SV	Proband
1-1180-001	0	947	SV	Mother
1-1191-002	0	763	SV	Father
1-1201-002	0	2559	SV	Father
2-0068-001	0	3502	SV	Mother
2-0068-003	0	3502	SV	Proband
2-0139-002	1	202	SV	Father
2-1137-002	0	1881	SV	Father
2-1143-001	1	8676	SV	Mother
2-1153-003	0	5464	SV	Proband
2-1182-001	2	2398	SV	Mother
2-1182-003	1	2956	SV	Proband
2-1194-001	0	5417	SV	Mother
2-1232-001	1	1236	SV	Mother
2-1235-002	0	1338	SV	Father
2-1269-002	2	3152	SV	Father
2-1333-001	0	41219	SV	Mother
2-1333-003	0	599	SV	Proband
2-1352-001	2	3359	SV	Mother
2-1352-003	1	2253	SV	Proband
2-1360-002	0	936	SV	Father
2-1368-002	0	11390	SV	Father
2-1374-001	0	3377	SV	Mother
2-1397-002	0	1943	SV	Father
2-1421-001	0	2366	SV	Mother
2-1427-002	0	2155	SV	Father
2-1431-001	0	1603	SV	Mother
2-1451-003	0	438	SV	Proband
2-1466-002	0	391	SV	Father
2-1487-001	0	3784	SV	Mother
2-1518-001	0	685	SV	Mother
2-1522-001	1	16676	SV	Mother
2-1528-003	0	454	SV	Proband
2-1591-001	0	1508	SV	Mother
2-1626-003	4	4319	SV	Proband
2-1633-001	0	1651	SV	Mother
2-1633-003	0	1578	SV	Proband
2-1644-004	0	5585	SV	Proband
2-1690-001	1	1867	SV	Mother
2-1734-002	1	2233	SV	Father
2-1735-003	0	1694	SV	Proband
2-1744-001	0	648	SV	Mother
2-1773-002	0	4285	SV	Father
2-1787-003	0	4119	SV	Proband
2-1798-001	3	3189	SV	Mother
2-1806-001	0	365	SV	Mother
2-1806-002	0	3975	SV	Father
2-1806-003	0	3975	SV	Proband
3-0018-100	0	700	SV	Mother
3-0065-000	1	1033	SV	Proband
3-0065-101	0	729	SV	Father
3-0111-000	0	300	SV	Proband
3-0111-101	0	300	SV	Father
3-0208-101	0	796	SV	Father
3-0294-100	1	175	SV	Mother
3-0339-000	0	1968	SV	Proband
3-0339-100	0	2089	SV	Mother
3-0339-101	0	1974	SV	Father
3-0485-101	1	1929	SV	Father
3-0519-101	0	792	SV	Father
3-0531-000	0	397	SV	Proband
3-0531-100	0	397	SV	Mother
3-0544-100	0	355	SV	Mother
3-0604-101	0	11553	SV	Father
3-0663-100	0	1094	SV	Mother
3-0740-101	2	538	SV	Father
3-0873-000	0	1036	SV	Proband
3-0873-100	0	559	SV	Mother
4-0014-002	0	3131	SV	Father
4-0014-003	0	2084	SV	Proband
4-0017-003	0	757	SV	Proband
4-0023-002	1	650	SV	Father
4-0034-003	0	21169	SV	Proband
4-0047-001	0	325	SV	Mother
4-0047-003	0	1090	SV	Proband
4-0082-002	1	1299	SV	Father
4-0095-002	0	683	SV	Father
4-0095-003	0	10923	SV	Proband
5-0021-001	0	917	SV	Mother
5-0021-003	0	1003	SV	Proband
5-0045-001	0	1553	SV	Mother
5-0045-002	0	68	SV	Father
5-0064-002	0	930	SV	Father
5-0083-002	0	1404	SV	Father
5-0095-001	0	291	SV	Mother
5-0097-001	0	3831	SV	Mother
5-0119-001	0	2836	SV	Mother
5-0119-002	0	861	SV	Father
5-0119-003	0	2648	SV	Proband
5-0128-002	0	496	SV	Father
5-0129-001	0	1019	SV	Mother
5-1043-001	0	892	SV	Mother
5-1043-003	0	2396	SV	Proband
5-5022-003	0	408	SV	Proband
5-5030-002	0	712	SV	Father
5-5065-002	0	1926	SV	Father
5-5083-003	0	1286	SV	Proband
5-5131-001	0	1793	SV	Mother
5-5131-003	0	903	SV	Proband
5-5132-001	1	822	SV	Mother
5-5132-003	1	410	SV	Proband
5-5159-002	0	1965	SV	Father
5-5177-002	0	2092	SV	Father
5-5186-001	0	516	SV	Mother
5-5186-003	0	87	SV	Proband
5-5217-002	0	2773	SV	Father
5-5237-002	0	756	SV	Father
7-0017-002	0	502	SV	Father
7-0017-003A	0	3066	SV	Proband
7-0032-003	0	1771	SV	Proband
7-0094-001	0	33837	SV	Mother
7-0094-002	0	946	SV	Father
7-0192-002	2	9274	SV	Father
7-0202-001	2	725	SV	Mother
7-0202-003	0	4656	SV	Proband
7-0251-002	0	454	SV	Father
7-0255-002	0	1732	SV	Father
7-0255-003	0	2486	SV	Proband
7-0287-002	0	2734	SV	Father
7-0291-002	1	19584	SV	Father
7-0309-001	0	2703	SV	Mother
7-0321-001	0	746	SV	Mother
7-0335-001	2	3526	SV	Mother
7-0337-002	0	4712	SV	Father
7-0351-002	1	1207	SV	Father
7-0354-001	0	1759	SV	Mother
7-0357-003	0	976	SV	Proband
7-0374-001	0	2192	SV	Mother
7-0374-002	0	1101	SV	Father
7-0383-002	1	4080	SV	Father
7-0396-001	1	2239	SV	Mother
7-0396-002	0	4527	SV	Father
7-0396-003	0	6766	SV	Proband
7-0403-001	0	2757	SV	Mother
7-0403-002	0	891	SV	Father
7-0403-003	0	1272	SV	Proband
7-0419-001	0	723	SV	Mother
7-0419-003	0	767	SV	Proband
7-0444-003	1	53594	SV	Proband
7-0449-001	1	5304	SV	Mother
7-0449-003	1	5304	SV	Proband
7-0478-002	0	3050	SV	Father
AU006802	1	587	SV	Father
AU024101	0	125	SV	Mother
AU024102	0	112	SV	Father
AU024104	0	112	SV	Proband
AU025702	1	8893	SV	Father
AU038701	0	1031	SV	Mother
AU050401	0	701	SV	Mother
AU050403	0	601	SV	Proband
AU060402	0	1516	SV	Father
AU070001	1	13419	SV	Mother
AU070007	1	6840	SV	Proband
AU072001	0	638	SV	Mother
AU072004	0	5348	SV	Proband
AU2166201	0	203	SV	Father
AU2186201	1	6981	SV	Father
AU2292301	0	2160	SV	Proband
AU2328201	0	14999	SV	Father
AU2387301	0	1275	SV	Proband
AU2405301	1	538	SV	Proband
AU2437302	0	606	SV	Proband
AU2464201	0	1786	SV	Father
AU2465201	0	1402	SV	Father
AU2465202	0	602	SV	Mother
AU2505201	0	1098	SV	Father
AU2511201	0	554	SV	Father
AU2564202	0	591	SV	Mother
AU2564301	1	20933	SV	Proband
AU2596202	0	704	SV	Mother
AU2711201	0	16126	SV	Father
AU2717301	0	2821	SV	Proband
AU2719201	0	1928	SV	Father
AU2719202	1	5726	SV	Mother
AU2726301	0	3236	SV	Proband
AU2730301	0	622	SV	Proband
AU2769301	0	1263	SV	Proband
AU2787301	0	768	SV	Proband
AU3302201	0	6138	SV	Father
AU3398202	0	2782	SV	Mother
AU4231201	0	2846	SV	Father
AU4359201	0	1085	SV	Father
MSSNG00034-001	0	3567	SV	Mother
MSSNG00037-001	0	1063	SV	Mother
MSSNG00037-002	0	1600	SV	Father
MSSNG00037-003	0	1520	SV	Proband
MSSNG00041-003	0	569	SV	Proband
MSSNG00043-002	1	4872	SV	Father
MSSNG00054-001	0	962	SV	Mother
MSSNG00063-003	0	1798	SV	Proband
MSSNG00069-002	0	12982	SV	Father
MSSNG00078-002	1	865	SV	Father
MSSNG00081-001	0	2257	SV	Mother
MSSNG00089-002	1	4771	SV	Father
MSSNG00089-003	0	4912	SV	Proband
MSSNG00101-002	0	824	SV	Father
MSSNG00109-001	1	1866	SV	Mother
MSSNG00121-003	0	2709	SV	Proband
MSSNG00125-002	0	453	SV	Father
MSSNG00128-001	0	4313	SV	Mother
MSSNG00128-003	0	4313	SV	Proband
MSSNG00165-001	0	287	SV	Mother
MSSNG00165-002	0	68	SV	Father
MSSNG00165-003	0	287	SV	Proband
MSSNG00174-002	0	1430	SV	Father
MSSNG00185-002	0	889	SV	Father
MSSNG00258-001	0	496	SV	Mother
MSSNG00331-001	1	2027	SV	Mother
MSSNG00335-002	0	157	SV	Father
MSSNG00353-001	0	1237	SV	Mother
MSSNG00358-001	0	563	SV	Mother
MSSNG00358-003	0	688	SV	Proband
MSSNG00369-003	0	1613	SV	Proband
MSSNG00375-002	0	1336	SV	Father
MSSNG00375-003	0	755	SV	Proband
MSSNG00385-003	0	4276	SV	Proband
MSSNG00397-001	0	2447	SV	Mother
MSSNG00398-001	0	2544	SV	Mother
MSSNG00445-001	0	568	SV	Mother
SS0012978	0	1021	SV	Mother
SS0013001	0	1760	SV	Mother
SS0013013	0	1506	SV	Proband
SS0013028	0	735	SV	Mother
SS0013029	0	1984	SV	Proband
SSC00046	3	1124	SV	Mother
SSC00047	0	1423	SV	Father
SSC00048	0	515	SV	Proband
SSC00139	1	1642	SV	Father
SSC00151	0	1149	SV	Father
SSC00172	0	453	SV	Proband
SSC00369	0	549	SV	Father
SSC00426	0	1358	SV	Proband
SSC00430	0	6321	SV	Mother
SSC00442	0	2777	SV	Mother
SSC00443	0	16452	SV	Father
SSC00534	0	364	SV	Proband
SSC00535	0	415	SV	Father
SSC00607	0	3022	SV	Proband
SSC00618	0	1959	SV	Mother
SSC00619	0	3678	SV	Father
SSC00627	0	20354	SV	Mother
SSC00662	0	82427	SV	Father
SSC00678	0	2694	SV	Proband
SSC00687	0	2895	SV	Mother
SSC00764	0	256	SV	Proband
SSC00765	0	1471	SV	Mother
SSC00802	0	724	SV	Proband
SSC00818	0	695	SV	Father
SSC00819	0	1824	SV	Mother
SSC00850	0	844	SV	Proband
SSC00859	0	1023	SV	Mother
SSC00928	0	4291	SV	Father
SSC00965	0	3096	SV	Father
SSC00987	0	855	SV	Mother
SSC01001	0	10375	SV	Proband
SSC01005	1	4778	SV	Father
SSC01021	0	11192	SV	Mother
SSC01034	0	4353	SV	Father
SSC01042	0	650	SV	Father
SSC01056	0	7263	SV	Father
SSC01981	0	3242	SV	Proband
SSC02035	0	455	SV	Proband
SSC02040	2	1042	SV	Mother
SSC02096	1	1350	SV	Proband
SSC02110	0	1307	SV	Father
SSC02121	1	1020	SV	Mother
SSC02191	0	555	SV	Mother
SSC02192	0	1582	SV	Father
SSC02335	0	1848	SV	Mother
SSC02341	0	2095	SV	Mother
SSC02358	1	1212	SV	Proband
SSC02359	1	1162	SV	Mother
SSC02369	0	4992	SV	Father
SSC02382	0	5247	SV	Proband
SSC02413	0	405	SV	Mother
SSC02421	0	726	SV	Father
SSC02468	0	2460	SV	Mother
SSC02495	0	2706	SV	Proband
SSC02503	0	2706	SV	Mother
SSC02633	0	1739	SV	Mother
SSC02639	0	6375	SV	Father
SSC02659	0	475	SV	Father
SSC02683	0	1619	SV	Proband
SSC02694	0	1789	SV	Mother
SSC02706	0	1483	SV	Father
SSC02730	1	903	SV	Proband
SSC02750	0	400	SV	Father
SSC02760	1	339	SV	Father
SSC02821	0	3202	SV	Mother
SSC02898	0	6806	SV	Father
SSC02908	0	945	SV	Proband
SSC02963	0	697	SV	Proband
SSC02964	0	4347	SV	Mother
SSC02967	0	2367	SV	Father
SSC02989	0	697	SV	Proband
SSC02990	0	1433	SV	Proband
SSC02996	0	1781	SV	Father
SSC03013	0	822	SV	Proband
SSC03031	0	870	SV	Father
SSC03076	0	808	SV	Mother
SSC03078	1	2886	SV	Mother
SSC03116	0	467	SV	Mother
SSC03132	0	356	SV	Proband
SSC03224	1	1574	SV	Father
SSC03245	0	957	SV	Father
SSC03293	0	1258	SV	Proband
SSC03295	0	2071	SV	Proband
SSC03338	0	114	SV	Father
SSC03370	0	12321	SV	Father
SSC03428	0	1024	SV	Mother
SSC03573	0	1709	SV	Proband
SSC03613	0	1423	SV	Father
SSC03616	0	1991	SV	Father
SSC03637	1	1839	SV	Proband
SSC03650	0	1337	SV	Proband
SSC03674	0	1221	SV	Proband
SSC03693	0	1603	SV	Father
SSC03726	0	2676	SV	Mother
SSC03727	0	2196	SV	Father
SSC03767	0	11835	SV	Mother
SSC03806	0	522	SV	Father
SSC03839	0	411	SV	Father
SSC03863	0	5826	SV	Mother
SSC03911	0	679	SV	Proband
SSC03917	1	2122	SV	Father
SSC03934	0	5039	SV	Mother
SSC03937	0	1548	SV	Mother
SSC03938	0	1602	SV	Father
SSC03969	0	3413	SV	Father
SSC03972	0	1837	SV	Proband
SSC03975	0	1674	SV	Mother
SSC03978	0	1521	SV	Father
SSC03989	0	1252	SV	Proband
SSC03990	0	1467	SV	Proband
SSC03994	0	9473	SV	Mother
SSC04008	0	8100	SV	Father
SSC04052	0	588	SV	Mother
SSC04083	0	899	SV	Proband
SSC04085	0	303	SV	Proband
SSC04088	0	832	SV	Mother
SSC04090	0	292	SV	Mother
SSC04148	0	5211	SV	Proband
SSC04152	0	2855	SV	Mother
SSC04187	1	831	SV	Father
SSC04232	0	371	SV	Proband
SSC04313	1	1780	SV	Mother
SSC04376	0	3025	SV	Father
SSC04393	0	2848	SV	Proband
SSC04402	0	2147	SV	Mother
SSC04413	0	2152	SV	Father
SSC04474	0	6104	SV	Mother
SSC04491	0	1989	SV	Father
SSC04660	0	804	SV	Mother
SSC04667	1	3319	SV	Father
SSC04765	0	1721	SV	Father
SSC04776	0	5929	SV	Father
SSC04878	1	2792	SV	Proband
SSC04904	0	1156	SV	Mother
SSC04939	0	926	SV	Father
SSC04966	0	3597	SV	Proband
SSC04969	0	3945	SV	Mother
SSC04972	0	827	SV	Father
SSC05015	0	1547	SV	Father
SSC05150	0	1800	SV	Proband
SSC05152	0	966	SV	Mother
SSC05153	0	4385	SV	Father
SSC05198	0	3669	SV	Proband
SSC05202	0	2515	SV	Mother
SSC05253	1	2613	SV	Mother
SSC05333	0	2209	SV	Father
SSC05416	0	554	SV	Proband
SSC05428	0	2892	SV	Father
SSC05437	0	396	SV	Proband
SSC05445	0	68	SV	Mother
SSC05469	0	918	SV	Proband
SSC05473	0	359	SV	Mother
SSC05488	0	1144	SV	Father
SSC05506	0	394	SV	Father
SSC05595	0	2805	SV	Proband
SSC05832	1	1398	SV	Mother
SSC05840	1	3969	SV	Father
SSC05843	1	1744	SV	Father
SSC05872	0	2489	SV	Proband
SSC05913	0	3006	SV	Father
SSC05968	1	266	SV	Mother
SSC05995	0	465	SV	Proband
SSC06006	0	391	SV	Father
SSC06044	0	768	SV	Proband
SSC06046	0	673	SV	Mother
SSC06189	0	2571	SV	Proband
SSC06190	0	181	SV	Mother
SSC06193	0	1598	SV	Mother
SSC06211	1	950	SV	Father
SSC06233	0	1913	SV	Mother
SSC06308	0	2204	SV	Proband
SSC06328	0	1708	SV	Mother
SSC06376	0	505	SV	Father
SSC06419	0	492	SV	Mother
SSC06462	1	1808	SV	Father
SSC06476	1	6471	SV	Proband
SSC06484	1	6378	SV	Mother
SSC06500	0	222	SV	Proband
SSC06506	0	3734	SV	Mother
SSC06512	0	1846	SV	Father
SSC06513	0	482	SV	Father
SSC06522	0	3176	SV	Proband
SSC06666	2	269	SV	Mother
SSC06762	0	1746	SV	Father
SSC06822	0	3470	SV	Mother
SSC06826	0	2015	SV	Proband
SSC06832	0	2287	SV	Mother
SSC06854	1	440	SV	Proband
SSC06887	0	1265	SV	Proband
SSC06893	0	1265	SV	Mother
SSC06904	0	8298	SV	Proband
SSC06908	0	379	SV	Proband
SSC06921	0	6706	SV	Proband
SSC06956	1	439	SV	Proband
SSC06963	0	1753	SV	Father
SSC06968	1	6935	SV	Proband
SSC06969	0	2707	SV	Proband
SSC07015	0	251	SV	Proband
SSC07037	0	5714	SV	Father
SSC07082	0	4800	SV	Mother
SSC07086	0	1056	SV	Father
SSC07088	0	3253	SV	Father
SSC07096	0	706	SV	Proband
SSC07102	0	1177	SV	Mother
SSC07109	0	1358	SV	Father
SSC07111	0	724	SV	Father
SSC07209	0	9500	SV	Proband
SSC07223	0	6209	SV	Father
SSC07233	0	2841	SV	Father
SSC07265	0	4938	SV	Proband
SSC07269	0	475	SV	Mother
SSC07281	0	510	SV	Proband
SSC07304	1	862	SV	Proband
SSC07307	0	1881	SV	Mother
SSC07319	1	862	SV	Father
SSC07321	0	4938	SV	Father
SSC07324	0	3035	SV	Proband
SSC07331	0	4729	SV	Father
SSC07346	0	972	SV	Mother
SSC07359	0	1410	SV	Proband
SSC07365	0	160	SV	Father
SSC07375	0	1041	SV	Father
SSC07412	0	2009	SV	Father
SSC07415	1	1063	SV	Father
SSC07419	0	4730	SV	Proband
SSC07477	0	988	SV	Mother
SSC07481	0	3567	SV	Father
SSC07541	0	6641	SV	Proband
SSC07573	0	1409	SV	Mother
SSC07586	0	7198	SV	Proband
SSC07593	0	2802	SV	Mother
SSC07596	0	5731	SV	Father
SSC07615	1	722	SV	Proband
SSC07694	0	1409	SV	Father
SSC07760	0	400	SV	Mother
SSC07767	0	1450	SV	Proband
SSC07789	0	2371	SV	Proband
SSC07791	0	2710	SV	Mother
SSC07793	0	1300	SV	Father
SSC07808	0	971	SV	Father
SSC07823	0	977	SV	Proband
SSC07829	0	1346	SV	Mother
SSC07832	1	599	SV	Mother
SSC07835	0	2833	SV	Father
SSC07859	0	4994	SV	Proband
SSC07862	0	1093	SV	Mother
SSC07905	0	3156	SV	Mother
SSC07933	0	1022	SV	Proband
SSC07982	0	283	SV	Father
SSC07987	0	462	SV	Proband
SSC07988	0	6152	SV	Mother
SSC07992	1	3186	SV	Father
SSC08010	0	4037	SV	Mother
SSC08037	0	982	SV	Father
SSC08055	0	917	SV	Proband
SSC08062	0	994	SV	Mother
SSC08073	0	1755	SV	Father
SSC08078	0	552	SV	Proband
SSC08079	0	1886	SV	Proband
SSC08085	0	1826	SV	Father
SSC08212	0	768	SV	Father
SSC08242	0	7008	SV	Proband
SSC08248	0	3223	SV	Mother
SSC08322	0	667	SV	Father
SSC08364	1	1796	SV	Proband
SSC08367	1	1666	SV	Mother
SSC08423	0	384	SV	Proband
SSC08425	0	956	SV	Proband
SSC08439	2	4851	SV	Father
SSC08475	0	1259	SV	Proband
SSC08496	0	2123	SV	Father
SSC08522	0	1000	SV	Mother
SSC08566	0	2684	SV	Proband
SSC08598	0	771	SV	Father
SSC08607	0	1231	SV	Proband
SSC08616	0	1475	SV	Mother
SSC08627	0	3292	SV	Proband
SSC08631	0	5129	SV	Father
SSC08722	0	2078	SV	Proband
SSC08737	0	1228	SV	Father
SSC08774	0	7841	SV	Father
SSC08798	0	1578	SV	Proband
SSC08843	0	355	SV	Proband
SSC08847	0	355	SV	Mother
SSC08881	0	1724	SV	Proband
SSC08944	1	2138	SV	Father
SSC09021	0	1243	SV	Mother
SSC09065	0	3313	SV	Father
SSC09067	1	543	SV	Father
SSC09140	1	26939	SV	Proband
SSC09187	0	1432	SV	Mother
SSC09204	1	397	SV	Proband
SSC09255	0	475	SV	Father
SSC09279	0	9619	SV	Proband
SSC09307	0	580	SV	Proband
SSC09311	0	342	SV	Mother
SSC09316	0	4286	SV	Father
SSC09385	1	12676	SV	Father
SSC09427	0	3954	SV	Father
SSC09524	0	651	SV	Mother
SSC09546	0	641	SV	Proband
SSC09547	0	755	SV	Mother
SSC09548	0	3643	SV	Father
SSC09565	0	8691	SV	Father
SSC09588	1	201	SV	Proband
SSC09722	0	1022	SV	Father
SSC09786	0	4394	SV	Mother
SSC10009	0	1809	SV	Father
SSC10052	0	5156	SV	Proband
SSC10053	0	17345	SV	Proband
SSC10064	1	970	SV	Father
SSC10095	0	814	SV	Proband
SSC10117	0	948	SV	Father
SSC10148	0	2418	SV	Proband
SSC10196	0	1513	SV	Proband
SSC10201	0	713	SV	Mother
SSC10211	0	2302	SV	Proband
SSC10244	8	19548	SV	Mother
SSC10276	0	1892	SV	Mother
SSC10280	0	1110	SV	Father
SSC10335	1	1790	SV	Proband
SSC10366	0	1184	SV	Mother
SSC10383	3	5285	SV	Father
SSC10397	0	1493	SV	Mother
SSC10523	1	2200	SV	Mother
SSC10527	0	1611	SV	Proband
SSC10540	0	5585	SV	Mother
SSC10554	0	2492	SV	Mother
SSC10614	0	5080	SV	Proband
SSC10618	0	2953	SV	Father
SSC10623	0	1612	SV	Proband
SSC10626	0	4878	SV	Mother
SSC10630	0	400	SV	Father
SSC10644	0	680	SV	Mother
SSC10646	0	3409	SV	Mother
SSC10681	0	2267	SV	Father
SSC10693	0	1202	SV	Proband
SSC10699	0	1159	SV	Father
SSC10703	1	301	SV	Father
SSC10706	0	4916	SV	Proband
SSC10707	0	2537	SV	Proband
SSC10709	0	4790	SV	Proband
SSC10710	0	2255	SV	Mother
SSC10711	0	4307	SV	Mother
SSC10714	0	4424	SV	Father
SSC10722	0	1031	SV	Proband
SSC10724	0	2132	SV	Father
SSC10762	0	171	SV	Mother
SSC10800	0	885	SV	Father
SSC10831	1	682	SV	Proband
SSC10833	1	569	SV	Mother
SSC10847	0	333	SV	Mother
SSC10852	1	583	SV	Proband
SSC10880	0	1175	SV	Proband
SSC10904	0	3701	SV	Proband
SSC10909	0	2071	SV	Mother
SSC11006	1	1954	SV	Proband
SSC11020	1	123	SV	Father
SSC11069	5	57570	SV	Proband
SSC11076	4	50145	SV	Father
SSC11085	1	268	SV	Proband
SSC11087	1	690	SV	Mother
SSC11114	0	3153	SV	Proband
SSC11135	0	1224	SV	Father
SSC11136	0	4682	SV	Father
SSC11148	0	594	SV	Proband
SSC11152	1	1123	SV	Mother
SSC11153	0	954	SV	Father
SSC11158	0	594	SV	Father
SSC11174	0	4088	SV	Proband
SSC11176	0	2933	SV	Mother
SSC11208	1	2751	SV	Mother
SSC11240	0	10980	SV	Father
SSC11253	2	2475	SV	Mother
SSC11386	0	918	SV	Father
SSC11398	0	7304	SV	Father
SSC11437	0	3466	SV	Proband
SSC11447	0	3318	SV	Father
SSC11453	2	2739	SV	Father
SSC11500	0	7149	SV	Proband
SSC11506	0	5912	SV	Father
SSC11522	0	584	SV	Father
SSC11556	0	352	SV	Proband
SSC11559	0	332	SV	Mother
SSC11604	0	331	SV	Father
SSC11639	0	3321	SV	Proband
SSC11649	0	3321	SV	Father
SSC11717	0	5624	SV	Proband
SSC11726	0	1797	SV	Father
SSC11749	0	1568	SV	Father
SSC11774	0	4555	SV	Father
SSC11826	0	3719	SV	Proband
SSC11856	0	1175	SV	Father
SSC11989	0	5941	SV	Proband
SSC12005	0	979	SV	Father
SSC12020	0	1025	SV	Mother
SSC12058	0	656	SV	Proband
SSC12059	0	400	SV	Proband
SSC12060	0	1140	SV	Proband
SSC12063	0	793	SV	Mother
SSC12065	0	5841	SV	Mother
SSC12066	0	602	SV	Mother
SSC12069	0	2239	SV	Father
SSC12161	0	651	SV	Father
SSC12172	0	392	SV	Proband
SSC12173	0	441	SV	Mother
SSC12188	0	501	SV	Proband
SSC12208	0	1102	SV	Proband
SSC12272	0	993	SV	Mother
SSC12275	0	1288	SV	Father
SSC12288	0	5414	SV	Mother
SSC12294	0	11429	SV	Father
SSC12385	0	3944	SV	Proband
SSC12386	0	1689	SV	Mother
SSC12405	0	160	SV	Father
SSC12428	0	638	SV	Mother
SSC12436	0	946	SV	Father
SSC12486	0	381	SV	Proband
SSC12493	0	1006	SV	Mother
SSC12558	0	651	SV	Mother
SSC12666	0	847	SV	Mother
SSC12701	0	679	SV	Proband
SSC12711	0	2099	SV	Father
SSC12783	0	2729	SV	Mother
SSC12832	0	3011	SV	Father
SSC12842	1	9052	SV	Proband
SSC12878	0	1685	SV	Proband
SSC12896	0	1041	SV	Mother
SSC12912	0	2685	SV	Father
SSC12945	0	1487	SV	Father
